,Last_updated,Last_updated_time,Location,Positive_Cases,Scrape_Time,index
0,2020-03-14,20:00,Westchester,178,2020-03-15 15:24:16.287,0.0
1,2020-03-14,20:00,Nassau,79,2020-03-15 15:24:16.287,1.0
2,2020-03-14,20:00,Suffolk,41,2020-03-15 15:24:16.287,2.0
3,2020-03-14,20:00,Rockland,12,2020-03-15 15:24:16.287,3.0
4,2020-03-14,20:00,Orange,6,2020-03-15 15:24:16.287,4.0
5,2020-03-14,20:00,Albany,5,2020-03-15 15:24:16.287,5.0
6,2020-03-14,20:00,Ulster,5,2020-03-15 15:24:16.287,6.0
7,2020-03-14,20:00,Dutchess,4,2020-03-15 15:24:16.287,7.0
8,2020-03-14,20:00,Erie,3,2020-03-15 15:24:16.287,8.0
9,2020-03-14,20:00,Saratoga,3,2020-03-15 15:24:16.287,9.0
10,2020-03-14,20:00,Monroe,2,2020-03-15 15:24:16.287,10.0
11,2020-03-14,20:00,Broom,1,2020-03-15 15:24:16.287,11.0
12,2020-03-14,20:00,Delaware,1,2020-03-15 15:24:16.287,12.0
13,2020-03-14,20:00,Herkimer,1,2020-03-15 15:24:16.287,13.0
14,2020-03-14,20:00,Schenectady,1,2020-03-15 15:24:16.287,14.0
15,2020-03-14,20:00,Tioga,1,2020-03-15 15:24:16.287,15.0
16,2020-03-14,20:00,Tompkins,1,2020-03-15 15:24:16.287,16.0
17,2020-03-14,20:00,New York State (Outside of NYC),344,2020-03-15 15:24:16.287,17.0
18,2020-03-14,20:00,New York City:,269,2020-03-15 15:24:16.287,18.0
19,2020-03-14,20:00,Total Positive Cases (Statewide),613,2020-03-15 15:24:16.287,19.0
20,2020-03-15,15:00,Albany,8,2020-03-15 17:41:07.453,0.0
21,2020-03-15,15:00,Broome,1,2020-03-15 17:41:07.453,1.0
22,2020-03-15,15:00,Delaware,1,2020-03-15 17:41:07.453,2.0
23,2020-03-15,15:00,Dutchess,7,2020-03-15 17:41:07.453,3.0
24,2020-03-15,15:00,Erie,3,2020-03-15 17:41:07.453,4.0
25,2020-03-15,15:00,Greene,2,2020-03-15 17:41:07.453,5.0
26,2020-03-15,15:00,Herkimer,1,2020-03-15 17:41:07.453,6.0
27,2020-03-15,15:00,Monroe,2,2020-03-15 17:41:07.453,7.0
28,2020-03-15,15:00,Montgomery,1,2020-03-15 17:41:07.453,8.0
29,2020-03-15,15:00,Nassau,98,2020-03-15 17:41:07.453,9.0
30,2020-03-15,15:00,Orange,6,2020-03-15 17:41:07.453,10.0
31,2020-03-15,15:00,Putnam,2,2020-03-15 17:41:07.453,11.0
32,2020-03-15,15:00,Rockland,13,2020-03-15 17:41:07.453,12.0
33,2020-03-15,15:00,Saratoga,3,2020-03-15 17:41:07.453,13.0
34,2020-03-15,15:00,Schenectady,2,2020-03-15 17:41:07.453,14.0
35,2020-03-15,15:00,Suffolk,47,2020-03-15 17:41:07.453,15.0
36,2020-03-15,15:00,Tioga,1,2020-03-15 17:41:07.453,16.0
37,2020-03-15,15:00,Tompkins,1,2020-03-15 17:41:07.453,17.0
38,2020-03-15,15:00,Ulster,5,2020-03-15 17:41:07.453,18.0
39,2020-03-15,15:00,Westchester,196,2020-03-15 17:41:07.453,19.0
40,2020-03-15,15:00,New York State (Outside of NYC),400,2020-03-15 17:41:07.453,20.0
41,2020-03-15,15:00,New York City:,329,2020-03-15 17:41:07.453,21.0
42,2020-03-15,15:00,Total Positive Cases (Statewide),729 ,2020-03-15 17:41:07.453,22.0
43,2020-03-15,15:00,Albany,8,2020-03-15 20:00:02.127,0.0
44,2020-03-15,15:00,Broome,1,2020-03-15 20:00:02.127,1.0
45,2020-03-15,15:00,Delaware,1,2020-03-15 20:00:02.127,2.0
46,2020-03-15,15:00,Dutchess,7,2020-03-15 20:00:02.127,3.0
47,2020-03-15,15:00,Erie,3,2020-03-15 20:00:02.127,4.0
48,2020-03-15,15:00,Greene,2,2020-03-15 20:00:02.127,5.0
49,2020-03-15,15:00,Herkimer,1,2020-03-15 20:00:02.127,6.0
50,2020-03-15,15:00,Monroe,2,2020-03-15 20:00:02.127,7.0
51,2020-03-15,15:00,Montgomery,1,2020-03-15 20:00:02.127,8.0
52,2020-03-15,15:00,Nassau,98,2020-03-15 20:00:02.127,9.0
53,2020-03-15,15:00,Orange,6,2020-03-15 20:00:02.127,10.0
54,2020-03-15,15:00,Putnam,2,2020-03-15 20:00:02.127,11.0
55,2020-03-15,15:00,Rockland,13,2020-03-15 20:00:02.127,12.0
56,2020-03-15,15:00,Saratoga,3,2020-03-15 20:00:02.127,13.0
57,2020-03-15,15:00,Schenectady,2,2020-03-15 20:00:02.127,14.0
58,2020-03-15,15:00,Suffolk,47,2020-03-15 20:00:02.127,15.0
59,2020-03-15,15:00,Tioga,1,2020-03-15 20:00:02.127,16.0
60,2020-03-15,15:00,Tompkins,1,2020-03-15 20:00:02.127,17.0
61,2020-03-15,15:00,Ulster,5,2020-03-15 20:00:02.127,18.0
62,2020-03-15,15:00,Westchester,196,2020-03-15 20:00:02.127,19.0
63,2020-03-15,15:00,New York State (Outside of NYC),400,2020-03-15 20:00:02.127,20.0
64,2020-03-15,15:00,New York City:,329,2020-03-15 20:00:02.127,21.0
65,2020-03-15,15:00,Total Positive Cases (Statewide),729 ,2020-03-15 20:00:02.127,22.0
66,2020-03-15,15:00,Albany,8,2020-03-16 08:00:06.333,0.0
67,2020-03-15,15:00,Broome,1,2020-03-16 08:00:06.333,1.0
68,2020-03-15,15:00,Delaware,1,2020-03-16 08:00:06.333,2.0
69,2020-03-15,15:00,Dutchess,7,2020-03-16 08:00:06.333,3.0
70,2020-03-15,15:00,Erie,3,2020-03-16 08:00:06.333,4.0
71,2020-03-15,15:00,Greene,2,2020-03-16 08:00:06.333,5.0
72,2020-03-15,15:00,Herkimer,1,2020-03-16 08:00:06.333,6.0
73,2020-03-15,15:00,Monroe,2,2020-03-16 08:00:06.333,7.0
74,2020-03-15,15:00,Montgomery,1,2020-03-16 08:00:06.333,8.0
75,2020-03-15,15:00,Nassau,98,2020-03-16 08:00:06.333,9.0
76,2020-03-15,15:00,Orange,6,2020-03-16 08:00:06.333,10.0
77,2020-03-15,15:00,Putnam,2,2020-03-16 08:00:06.333,11.0
78,2020-03-15,15:00,Rockland,13,2020-03-16 08:00:06.333,12.0
79,2020-03-15,15:00,Saratoga,3,2020-03-16 08:00:06.333,13.0
80,2020-03-15,15:00,Schenectady,2,2020-03-16 08:00:06.333,14.0
81,2020-03-15,15:00,Suffolk,47,2020-03-16 08:00:06.333,15.0
82,2020-03-15,15:00,Tioga,1,2020-03-16 08:00:06.333,16.0
83,2020-03-15,15:00,Tompkins,1,2020-03-16 08:00:06.333,17.0
84,2020-03-15,15:00,Ulster,5,2020-03-16 08:00:06.333,18.0
85,2020-03-15,15:00,Westchester,196,2020-03-16 08:00:06.333,19.0
86,2020-03-15,15:00,New York State (Outside of NYC),400,2020-03-16 08:00:06.333,20.0
87,2020-03-15,15:00,New York City:,329,2020-03-16 08:00:06.333,21.0
88,2020-03-15,15:00,Total Positive Cases (Statewide),729 ,2020-03-16 08:00:06.333,22.0
89,2020-03-16,15:00,Nassau  ,109,2020-03-16 22:38:45.683,0.0
90,2020-03-16,15:00,Suffolk ,63,2020-03-16 22:38:45.683,1.0
91,2020-03-16,15:00,Rockland ,16,2020-03-16 22:38:45.683,2.0
92,2020-03-16,15:00,Albany ,12,2020-03-16 22:38:45.683,3.0
93,2020-03-16,15:00,Orange ,11,2020-03-16 22:38:45.683,4.0
94,2020-03-16,15:00,Dutchess  ,10,2020-03-16 22:38:45.683,5.0
95,2020-03-16,15:00,Monroe ,10,2020-03-16 22:38:45.683,6.0
96,2020-03-16,15:00,Ulster ,7,2020-03-16 22:38:45.683,7.0
97,2020-03-16,15:00,Saratoga ,5,2020-03-16 22:38:45.683,8.0
98,2020-03-16,15:00,Erie  ,6,2020-03-16 22:38:45.683,9.0
99,2020-03-16,15:00,Schenectady ,4,2020-03-16 22:38:45.683,10.0
100,2020-03-16,15:00,Greene  ,2,2020-03-16 22:38:45.683,11.0
101,2020-03-16,15:00,Putnam  ,2,2020-03-16 22:38:45.683,12.0
102,2020-03-16,15:00,Allegany  ,2,2020-03-16 22:38:45.683,13.0
103,2020-03-16,15:00,Broome ,1,2020-03-16 22:38:45.683,14.0
104,2020-03-16,15:00,Delaware ,1,2020-03-16 22:38:45.683,15.0
105,2020-03-16,15:00,Herkimer ,1,2020-03-16 22:38:45.683,16.0
106,2020-03-16,15:00,Tioga  ,1,2020-03-16 22:38:45.683,17.0
107,2020-03-16,15:00,Tompkins,1,2020-03-16 22:38:45.683,18.0
108,2020-03-16,15:00,Montgomery,1,2020-03-16 22:38:45.683,19.0
109,2020-03-16,15:00,Onondaga ,1,2020-03-16 22:38:45.683,20.0
110,2020-03-16,15:00,Ontario ,1,2020-03-16 22:38:45.683,21.0
111,2020-03-16,15:00,New York State (Outside of NYC),487,2020-03-16 22:38:45.683,22.0
112,2020-03-16,15:00,New York City:,463,2020-03-16 22:38:45.683,23.0
113,2020-03-16,15:00,Total Positive Cases (Statewide),950,2020-03-16 22:38:45.683,24.0
114,2020-03-16,15:00,Nassau  ,109,2020-03-17 07:00:04.220,0.0
115,2020-03-16,15:00,Suffolk ,63,2020-03-17 07:00:04.220,1.0
116,2020-03-16,15:00,Rockland ,16,2020-03-17 07:00:04.220,2.0
117,2020-03-16,15:00,Albany ,12,2020-03-17 07:00:04.220,3.0
118,2020-03-16,15:00,Orange ,11,2020-03-17 07:00:04.220,4.0
119,2020-03-16,15:00,Dutchess  ,10,2020-03-17 07:00:04.220,5.0
120,2020-03-16,15:00,Monroe ,10,2020-03-17 07:00:04.220,6.0
121,2020-03-16,15:00,Ulster ,7,2020-03-17 07:00:04.220,7.0
122,2020-03-16,15:00,Saratoga ,5,2020-03-17 07:00:04.220,8.0
123,2020-03-16,15:00,Erie  ,6,2020-03-17 07:00:04.220,9.0
124,2020-03-16,15:00,Schenectady ,4,2020-03-17 07:00:04.220,10.0
125,2020-03-16,15:00,Greene  ,2,2020-03-17 07:00:04.220,11.0
126,2020-03-16,15:00,Putnam  ,2,2020-03-17 07:00:04.220,12.0
127,2020-03-16,15:00,Allegany  ,2,2020-03-17 07:00:04.220,13.0
128,2020-03-16,15:00,Broome ,1,2020-03-17 07:00:04.220,14.0
129,2020-03-16,15:00,Delaware ,1,2020-03-17 07:00:04.220,15.0
130,2020-03-16,15:00,Herkimer ,1,2020-03-17 07:00:04.220,16.0
131,2020-03-16,15:00,Tioga  ,1,2020-03-17 07:00:04.220,17.0
132,2020-03-16,15:00,Tompkins,1,2020-03-17 07:00:04.220,18.0
133,2020-03-16,15:00,Montgomery,1,2020-03-17 07:00:04.220,19.0
134,2020-03-16,15:00,Onondaga ,1,2020-03-17 07:00:04.220,20.0
135,2020-03-16,15:00,Ontario ,1,2020-03-17 07:00:04.220,21.0
136,2020-03-16,15:00,New York State (Outside of NYC),487,2020-03-17 07:00:04.220,22.0
137,2020-03-16,15:00,New York City:,463,2020-03-17 07:00:04.220,23.0
138,2020-03-16,15:00,Total Positive Cases (Statewide),950,2020-03-17 07:00:04.220,24.0
139,2020-03-17, 11:00,Albany,23,2020-03-17 13:19:35.967,0.0
140,2020-03-17, 11:00,Allegany,2,2020-03-17 13:19:35.967,1.0
141,2020-03-17, 11:00,Broome,1,2020-03-17 13:19:35.967,2.0
142,2020-03-17, 11:00,Clinton,1,2020-03-17 13:19:35.967,3.0
143,2020-03-17, 11:00,Delaware,1,2020-03-17 13:19:35.967,4.0
144,2020-03-17, 11:00,Dutchess,16,2020-03-17 13:19:35.967,5.0
145,2020-03-17, 11:00,Erie,7,2020-03-17 13:19:35.967,6.0
146,2020-03-17, 11:00,Greene,2,2020-03-17 13:19:35.967,7.0
147,2020-03-17, 11:00,Herkimer,1,2020-03-17 13:19:35.967,8.0
148,2020-03-17, 11:00,Monroe,10,2020-03-17 13:19:35.967,9.0
149,2020-03-17, 11:00,Montgomery,1,2020-03-17 13:19:35.967,10.0
150,2020-03-17, 11:00,Nassau,131,2020-03-17 13:19:35.967,11.0
151,2020-03-17, 11:00,Onondaga,2,2020-03-17 13:19:35.967,12.0
152,2020-03-17, 11:00,Ontario,1,2020-03-17 13:19:35.967,13.0
153,2020-03-17, 11:00,Orange,15,2020-03-17 13:19:35.967,14.0
154,2020-03-17, 11:00,Putnam,2,2020-03-17 13:19:35.967,15.0
155,2020-03-17, 11:00,Rensselaer,1,2020-03-17 13:19:35.967,16.0
156,2020-03-17, 11:00,Rockland,22,2020-03-17 13:19:35.967,17.0
157,2020-03-17, 11:00,Saratoga,9,2020-03-17 13:19:35.967,18.0
158,2020-03-17, 11:00,Schenectady,5,2020-03-17 13:19:35.967,19.0
159,2020-03-17, 11:00,Suffolk,84,2020-03-17 13:19:35.967,20.0
160,2020-03-17, 11:00,Sullivan,1,2020-03-17 13:19:35.967,21.0
161,2020-03-17, 11:00,Tioga,1,2020-03-17 13:19:35.967,22.0
162,2020-03-17, 11:00,Tompkins,2,2020-03-17 13:19:35.967,23.0
163,2020-03-17, 11:00,Ulster,8,2020-03-17 13:19:35.967,24.0
164,2020-03-17, 11:00,Westchester,380,2020-03-17 13:19:35.967,25.0
165,2020-03-17, 11:00,Wyoming,1,2020-03-17 13:19:35.967,26.0
166,2020-03-17, 11:00,New York State (Outside of NYC),730,2020-03-17 13:19:35.967,27.0
167,2020-03-17, 11:00,New York City:,644,2020-03-17 13:19:35.967,28.0
168,2020-03-17, 11:00,Total Positive Cases (Statewide),"1,374",2020-03-17 13:19:35.967,29.0
169,2020-03-17,13:19,Westchester,380,,0.0
170,2020-03-17,13:19,Nassau,131,,1.0
171,2020-03-17,13:19,Suffolk,84,,2.0
172,2020-03-17,13:19,Albany,23,,3.0
173,2020-03-17,13:19,Rockland,22,,4.0
174,2020-03-17,13:19,Dutchess,16,,5.0
175,2020-03-17,13:19,Orange,15,,6.0
176,2020-03-17,13:19,Monroe,10,,7.0
177,2020-03-17,13:19,Saratoga,9,,8.0
178,2020-03-17,13:19,Ulster,8,,9.0
179,2020-03-17,13:19,Erie,7,,10.0
180,2020-03-17,13:19,Schenectady,5,,11.0
181,2020-03-17,13:19,Allegany,2,,12.0
182,2020-03-17,13:19,Greene,2,,13.0
183,2020-03-17,13:19,Putnam,2,,14.0
184,2020-03-17,13:19,Onondaga,2,,15.0
185,2020-03-17,13:19,Tompkins,2,,16.0
186,2020-03-17,13:19,Broome,1,,17.0
187,2020-03-17,13:19,Clinton,1,,18.0
188,2020-03-17,13:19,Delaware,1,,19.0
189,2020-03-17,13:19,Herkimer,1,,20.0
190,2020-03-17,13:19,Tioga,1,,21.0
191,2020-03-17,13:19,Montgomery,1,,22.0
192,2020-03-17,13:19,Ontario,1,,23.0
193,2020-03-17,13:19,Rensselaer,1,,24.0
194,2020-03-17,13:19,Sullivan,1,,25.0
195,2020-03-17,13:19,Wyoming,1,,26.0
196,2020-03-17,13:19,New York State (Outside of NYC),730,,27.0
197,2020-03-17,13:19,New York City,644,,28.0
198,2020-03-17,13:19,Total Positive Cases (Statewide),"1,374",,29.0
199,2020-03-17,20:15,Westchester,380,,30.0
200,2020-03-17,20:15,Nassau,131,,31.0
201,2020-03-17,20:15,Suffolk,84,,32.0
202,2020-03-17,20:15,Albany,23,,33.0
203,2020-03-17,20:15,Rockland,22,,34.0
204,2020-03-17,20:15,Dutchess,16,,35.0
205,2020-03-17,20:15,Orange,15,,36.0
206,2020-03-17,20:15,Monroe,10,,37.0
207,2020-03-17,20:15,Saratoga,9,,38.0
208,2020-03-17,20:15,Ulster,8,,39.0
209,2020-03-17,20:15,Erie,7,,40.0
210,2020-03-17,20:15,Schenectady,5,,41.0
211,2020-03-17,20:15,Allegany,2,,42.0
212,2020-03-17,20:15,Greene,2,,43.0
213,2020-03-17,20:15,Putnam,2,,44.0
214,2020-03-17,20:15,Onondaga,2,,45.0
215,2020-03-17,20:15,Tompkins,2,,46.0
216,2020-03-17,20:15,Broome,1,,47.0
217,2020-03-17,20:15,Clinton,1,,48.0
218,2020-03-17,20:15,Delaware,1,,49.0
219,2020-03-17,20:15,Herkimer,1,,50.0
220,2020-03-17,20:15,Tioga,1,,51.0
221,2020-03-17,20:15,Montgomery,1,,52.0
222,2020-03-17,20:15,Ontario,1,,53.0
223,2020-03-17,20:15,Rensselaer,1,,54.0
224,2020-03-17,20:15,Sullivan,1,,55.0
225,2020-03-17,20:15,Wyoming,1,,56.0
226,2020-03-17,20:15,New York State (Outside of NYC),730,,57.0
227,2020-03-17,20:15,New York City,644,,58.0
228,2020-03-17,20:15,Total Positive Cases (Statewide),"1,374",,59.0
229,2020-03-16,20:15,Westchester,220,,60.0
230,2020-03-18,14:05,Albany,36,,61.0
231,2020-03-18,14:05,Allegany,2,,62.0
232,2020-03-18,14:05,Broome,1,,63.0
233,2020-03-18,14:05,Chenango,1,,64.0
234,2020-03-18,14:05,Clinton,1,,65.0
235,2020-03-18,14:05,Delaware,1,,66.0
236,2020-03-18,14:05,Dutchess,20,,67.0
237,2020-03-18,14:05,Erie,7,,68.0
238,2020-03-18,14:05,Essex,1,,69.0
239,2020-03-18,14:05,Greene,2,,70.0
240,2020-03-18,14:05,Hamilton,1,,71.0
241,2020-03-18,14:05,Herkimer,1,,72.0
242,2020-03-18,14:05,Monroe,14,,73.0
243,2020-03-18,14:05,Montgomery,2,,74.0
244,2020-03-18,14:05,Nassau,183,,75.0
245,2020-03-18,14:05,New York City,"1,339",,76.0
246,2020-03-18,14:05,Onondaga,2,,77.0
247,2020-03-18,14:05,Ontario,1,,78.0
248,2020-03-18,14:05,Orange,32,,79.0
249,2020-03-18,14:05,Putnam,2,,80.0
250,2020-03-18,14:05,Rensselaer,4,,81.0
251,2020-03-18,14:05,Rockland,30,,82.0
252,2020-03-18,14:05,Saratoga,14,,83.0
253,2020-03-18,14:05,Schenectady,14,,84.0
254,2020-03-18,14:05,Suffolk,116,,85.0
255,2020-03-18,14:05,Sullivan,1,,86.0
256,2020-03-18,14:05,Tioga,1,,87.0
257,2020-03-18,14:05,Tompkins,3,,88.0
258,2020-03-18,14:05,Ulster,9,,89.0
259,2020-03-18,14:05,Warren,1,,90.0
260,2020-03-18,14:05,Washington,1,,91.0
261,2020-03-18,14:05,Westchester,538,,92.0
262,2020-03-18,14:05,Wyoming,1,,93.0
263,2020-03-18,14:05,Total Number of Positive Cases,"2,382",,94.0
264,2020-03-18,19:30,Albany,36,,95.0
265,2020-03-18,19:30,Allegany,2,,96.0
266,2020-03-18,19:30,Broome,1,,97.0
267,2020-03-18,19:30,Chenango,1,,98.0
268,2020-03-18,19:30,Clinton,1,,99.0
269,2020-03-18,19:30,Delaware,1,,100.0
270,2020-03-18,19:30,Dutchess,20,,101.0
271,2020-03-18,19:30,Erie,7,,102.0
272,2020-03-18,19:30,Essex,1,,103.0
273,2020-03-18,19:30,Greene,2,,104.0
274,2020-03-18,19:30,Hamilton,1,,105.0
275,2020-03-18,19:30,Herkimer,1,,106.0
276,2020-03-18,19:30,Monroe,14,,107.0
277,2020-03-18,19:30,Montgomery,2,,108.0
278,2020-03-18,19:30,Nassau,183,,109.0
279,2020-03-18,19:30,New York City,"1,339",,110.0
280,2020-03-18,19:30,Onondaga,2,,111.0
281,2020-03-18,19:30,Ontario,1,,112.0
282,2020-03-18,19:30,Orange,32,,113.0
283,2020-03-18,19:30,Putnam,2,,114.0
284,2020-03-18,19:30,Rensselaer,4,,115.0
285,2020-03-18,19:30,Rockland,30,,116.0
286,2020-03-18,19:30,Saratoga,14,,117.0
287,2020-03-18,19:30,Schenectady,14,,118.0
288,2020-03-18,19:30,Suffolk,116,,119.0
289,2020-03-18,19:30,Sullivan,1,,120.0
290,2020-03-18,19:30,Tioga,1,,121.0
291,2020-03-18,19:30,Tompkins,3,,122.0
292,2020-03-18,19:30,Ulster,9,,123.0
293,2020-03-18,19:30,Warren,1,,124.0
294,2020-03-18,19:30,Washington,1,,125.0
295,2020-03-18,19:30,Westchester,538,,126.0
296,2020-03-18,19:30,Wyoming,1,,127.0
297,2020-03-18,19:30,Total Number of Positive Cases,"2,382",,128.0
298,2020-03-17,13:19,Westchester,380,,0.0
299,2020-03-17,13:19,Nassau,131,,1.0
300,2020-03-17,13:19,Suffolk,84,,2.0
301,2020-03-17,13:19,Albany,23,,3.0
302,2020-03-17,13:19,Rockland,22,,4.0
303,2020-03-17,13:19,Dutchess,16,,5.0
304,2020-03-17,13:19,Orange,15,,6.0
305,2020-03-17,13:19,Monroe,10,,7.0
306,2020-03-17,13:19,Saratoga,9,,8.0
307,2020-03-17,13:19,Ulster,8,,9.0
308,2020-03-17,13:19,Erie,7,,10.0
309,2020-03-17,13:19,Schenectady,5,,11.0
310,2020-03-17,13:19,Allegany,2,,12.0
311,2020-03-17,13:19,Greene,2,,13.0
312,2020-03-17,13:19,Putnam,2,,14.0
313,2020-03-17,13:19,Onondaga,2,,15.0
314,2020-03-17,13:19,Tompkins,2,,16.0
315,2020-03-17,13:19,Broome,1,,17.0
316,2020-03-17,13:19,Clinton,1,,18.0
317,2020-03-17,13:19,Delaware,1,,19.0
318,2020-03-17,13:19,Herkimer,1,,20.0
319,2020-03-17,13:19,Tioga,1,,21.0
320,2020-03-17,13:19,Montgomery,1,,22.0
321,2020-03-17,13:19,Ontario,1,,23.0
322,2020-03-17,13:19,Rensselaer,1,,24.0
323,2020-03-17,13:19,Sullivan,1,,25.0
324,2020-03-17,13:19,Wyoming,1,,26.0
325,2020-03-17,13:19,New York State (Outside of NYC),730,,27.0
326,2020-03-17,13:19,New York City,644,,28.0
327,2020-03-17,13:19,Total Positive Cases (Statewide),"1,374",,29.0
328,2020-03-17,20:15,Westchester,380,,30.0
329,2020-03-17,20:15,Nassau,131,,31.0
330,2020-03-17,20:15,Suffolk,84,,32.0
331,2020-03-17,20:15,Albany,23,,33.0
332,2020-03-17,20:15,Rockland,22,,34.0
333,2020-03-17,20:15,Dutchess,16,,35.0
334,2020-03-17,20:15,Orange,15,,36.0
335,2020-03-17,20:15,Monroe,10,,37.0
336,2020-03-17,20:15,Saratoga,9,,38.0
337,2020-03-17,20:15,Ulster,8,,39.0
338,2020-03-17,20:15,Erie,7,,40.0
339,2020-03-17,20:15,Schenectady,5,,41.0
340,2020-03-17,20:15,Allegany,2,,42.0
341,2020-03-17,20:15,Greene,2,,43.0
342,2020-03-17,20:15,Putnam,2,,44.0
343,2020-03-17,20:15,Onondaga,2,,45.0
344,2020-03-17,20:15,Tompkins,2,,46.0
345,2020-03-17,20:15,Broome,1,,47.0
346,2020-03-17,20:15,Clinton,1,,48.0
347,2020-03-17,20:15,Delaware,1,,49.0
348,2020-03-17,20:15,Herkimer,1,,50.0
349,2020-03-17,20:15,Tioga,1,,51.0
350,2020-03-17,20:15,Montgomery,1,,52.0
351,2020-03-17,20:15,Ontario,1,,53.0
352,2020-03-17,20:15,Rensselaer,1,,54.0
353,2020-03-17,20:15,Sullivan,1,,55.0
354,2020-03-17,20:15,Wyoming,1,,56.0
355,2020-03-17,20:15,New York State (Outside of NYC),730,,57.0
356,2020-03-17,20:15,New York City,644,,58.0
357,2020-03-17,20:15,Total Positive Cases (Statewide),"1,374",,59.0
358,2020-03-16,20:15,Westchester,220,,60.0
359,2020-03-18,14:05,Albany,36,,61.0
360,2020-03-18,14:05,Allegany,2,,62.0
361,2020-03-18,14:05,Broome,1,,63.0
362,2020-03-18,14:05,Chenango,1,,64.0
363,2020-03-18,14:05,Clinton,1,,65.0
364,2020-03-18,14:05,Delaware,1,,66.0
365,2020-03-18,14:05,Dutchess,20,,67.0
366,2020-03-18,14:05,Erie,7,,68.0
367,2020-03-18,14:05,Essex,1,,69.0
368,2020-03-18,14:05,Greene,2,,70.0
369,2020-03-18,14:05,Hamilton,1,,71.0
370,2020-03-18,14:05,Herkimer,1,,72.0
371,2020-03-18,14:05,Monroe,14,,73.0
372,2020-03-18,14:05,Montgomery,2,,74.0
373,2020-03-18,14:05,Nassau,183,,75.0
374,2020-03-18,14:05,New York City,"1,339",,76.0
375,2020-03-18,14:05,Onondaga,2,,77.0
376,2020-03-18,14:05,Ontario,1,,78.0
377,2020-03-18,14:05,Orange,32,,79.0
378,2020-03-18,14:05,Putnam,2,,80.0
379,2020-03-18,14:05,Rensselaer,4,,81.0
380,2020-03-18,14:05,Rockland,30,,82.0
381,2020-03-18,14:05,Saratoga,14,,83.0
382,2020-03-18,14:05,Schenectady,14,,84.0
383,2020-03-18,14:05,Suffolk,116,,85.0
384,2020-03-18,14:05,Sullivan,1,,86.0
385,2020-03-18,14:05,Tioga,1,,87.0
386,2020-03-18,14:05,Tompkins,3,,88.0
387,2020-03-18,14:05,Ulster,9,,89.0
388,2020-03-18,14:05,Warren,1,,90.0
389,2020-03-18,14:05,Washington,1,,91.0
390,2020-03-18,14:05,Westchester,538,,92.0
391,2020-03-18,14:05,Wyoming,1,,93.0
392,2020-03-18,14:05,Total Number of Positive Cases,"2,382",,94.0
393,2020-03-18,19:30,Albany,36,,95.0
394,2020-03-18,19:30,Allegany,2,,96.0
395,2020-03-18,19:30,Broome,1,,97.0
396,2020-03-18,19:30,Chenango,1,,98.0
397,2020-03-18,19:30,Clinton,1,,99.0
398,2020-03-17,13:19,Westchester,380,,0.0
399,2020-03-17,13:19,Nassau,131,,1.0
400,2020-03-17,13:19,Suffolk,84,,2.0
401,2020-03-17,13:19,Albany,23,,3.0
402,2020-03-17,13:19,Rockland,22,,4.0
403,2020-03-17,13:19,Dutchess,16,,5.0
404,2020-03-17,13:19,Orange,15,,6.0
405,2020-03-17,13:19,Monroe,10,,7.0
406,2020-03-17,13:19,Saratoga,9,,8.0
407,2020-03-17,13:19,Ulster,8,,9.0
408,2020-03-17,13:19,Erie,7,,10.0
409,2020-03-17,13:19,Schenectady,5,,11.0
410,2020-03-17,13:19,Allegany,2,,12.0
411,2020-03-17,13:19,Greene,2,,13.0
412,2020-03-17,13:19,Putnam,2,,14.0
413,2020-03-17,13:19,Onondaga,2,,15.0
414,2020-03-17,13:19,Tompkins,2,,16.0
415,2020-03-17,13:19,Broome,1,,17.0
416,2020-03-17,13:19,Clinton,1,,18.0
417,2020-03-17,13:19,Delaware,1,,19.0
418,2020-03-17,13:19,Herkimer,1,,20.0
419,2020-03-17,13:19,Tioga,1,,21.0
420,2020-03-17,13:19,Montgomery,1,,22.0
421,2020-03-17,13:19,Ontario,1,,23.0
422,2020-03-17,13:19,Rensselaer,1,,24.0
423,2020-03-17,13:19,Sullivan,1,,25.0
424,2020-03-17,13:19,Wyoming,1,,26.0
425,2020-03-17,13:19,New York State (Outside of NYC),730,,27.0
426,2020-03-17,13:19,New York City,644,,28.0
427,2020-03-17,13:19,Total Positive Cases (Statewide),"1,374",,29.0
428,2020-03-17,20:15,Westchester,380,,30.0
429,2020-03-17,20:15,Nassau,131,,31.0
430,2020-03-17,20:15,Suffolk,84,,32.0
431,2020-03-17,20:15,Albany,23,,33.0
432,2020-03-17,20:15,Rockland,22,,34.0
433,2020-03-17,20:15,Dutchess,16,,35.0
434,2020-03-17,20:15,Orange,15,,36.0
435,2020-03-17,20:15,Monroe,10,,37.0
436,2020-03-17,20:15,Saratoga,9,,38.0
437,2020-03-17,20:15,Ulster,8,,39.0
438,2020-03-17,20:15,Erie,7,,40.0
439,2020-03-17,20:15,Schenectady,5,,41.0
440,2020-03-17,20:15,Allegany,2,,42.0
441,2020-03-17,20:15,Greene,2,,43.0
442,2020-03-17,20:15,Putnam,2,,44.0
443,2020-03-17,20:15,Onondaga,2,,45.0
444,2020-03-17,20:15,Tompkins,2,,46.0
445,2020-03-17,20:15,Broome,1,,47.0
446,2020-03-17,20:15,Clinton,1,,48.0
447,2020-03-17,20:15,Delaware,1,,49.0
448,2020-03-17,20:15,Herkimer,1,,50.0
449,2020-03-17,20:15,Tioga,1,,51.0
450,2020-03-17,20:15,Montgomery,1,,52.0
451,2020-03-17,20:15,Ontario,1,,53.0
452,2020-03-17,20:15,Rensselaer,1,,54.0
453,2020-03-17,20:15,Sullivan,1,,55.0
454,2020-03-17,20:15,Wyoming,1,,56.0
455,2020-03-17,20:15,New York State (Outside of NYC),730,,57.0
456,2020-03-17,20:15,New York City,644,,58.0
457,2020-03-17,20:15,Total Positive Cases (Statewide),"1,374",,59.0
458,2020-03-16,20:15,Westchester,220,,60.0
459,2020-03-18,14:05,Albany,36,,61.0
460,2020-03-18,14:05,Allegany,2,,62.0
461,2020-03-18,14:05,Broome,1,,63.0
462,2020-03-18,14:05,Chenango,1,,64.0
463,2020-03-18,14:05,Clinton,1,,65.0
464,2020-03-18,14:05,Delaware,1,,66.0
465,2020-03-18,14:05,Dutchess,20,,67.0
466,2020-03-18,14:05,Erie,7,,68.0
467,2020-03-18,14:05,Essex,1,,69.0
468,2020-03-18,14:05,Greene,2,,70.0
469,2020-03-18,14:05,Hamilton,1,,71.0
470,2020-03-18,14:05,Herkimer,1,,72.0
471,2020-03-18,14:05,Monroe,14,,73.0
472,2020-03-18,14:05,Montgomery,2,,74.0
473,2020-03-18,14:05,Nassau,183,,75.0
474,2020-03-18,14:05,New York City,"1,339",,76.0
475,2020-03-18,14:05,Onondaga,2,,77.0
476,2020-03-18,14:05,Ontario,1,,78.0
477,2020-03-18,14:05,Orange,32,,79.0
478,2020-03-18,14:05,Putnam,2,,80.0
479,2020-03-18,14:05,Rensselaer,4,,81.0
480,2020-03-18,14:05,Rockland,30,,82.0
481,2020-03-18,14:05,Saratoga,14,,83.0
482,2020-03-18,14:05,Schenectady,14,,84.0
483,2020-03-18,14:05,Suffolk,116,,85.0
484,2020-03-18,14:05,Sullivan,1,,86.0
485,2020-03-18,14:05,Tioga,1,,87.0
486,2020-03-18,14:05,Tompkins,3,,88.0
487,2020-03-18,14:05,Ulster,9,,89.0
488,2020-03-18,14:05,Warren,1,,90.0
489,2020-03-18,14:05,Washington,1,,91.0
490,2020-03-18,14:05,Westchester,538,,92.0
491,2020-03-18,14:05,Wyoming,1,,93.0
492,2020-03-18,14:05,Total Number of Positive Cases,"2,382",,94.0
493,2020-03-18,19:30,Albany,36,,95.0
494,2020-03-18,19:30,Allegany,2,,96.0
495,2020-03-18,19:30,Broome,1,,97.0
496,2020-03-18,19:30,Chenango,1,,98.0
497,2020-03-18,19:30,Clinton,1,,99.0
498,2020-03-18,19:30,Delaware,1,,100.0
499,2020-03-18,19:30,Dutchess,20,,101.0
500,2020-03-18,19:30,Erie,7,,102.0
501,2020-03-18,19:30,Essex,1,,103.0
502,2020-03-18,19:30,Greene,2,,104.0
503,2020-03-18,19:30,Hamilton,1,,105.0
504,2020-03-18,19:30,Herkimer,1,,106.0
505,2020-03-18,19:30,Monroe,14,,107.0
506,2020-03-18,19:30,Montgomery,2,,108.0
507,2020-03-18,19:30,Nassau,183,,109.0
508,2020-03-18,19:30,New York City,"1,339",,110.0
509,2020-03-18,19:30,Onondaga,2,,111.0
510,2020-03-18,19:30,Ontario,1,,112.0
511,2020-03-18,19:30,Orange,32,,113.0
512,2020-03-18,19:30,Putnam,2,,114.0
513,2020-03-18,19:30,Rensselaer,4,,115.0
514,2020-03-18,19:30,Rockland,30,,116.0
515,2020-03-18,19:30,Saratoga,14,,117.0
516,2020-03-18,19:30,Schenectady,14,,118.0
517,2020-03-18,19:30,Suffolk,116,,119.0
518,2020-03-18,19:30,Sullivan,1,,120.0
519,2020-03-18,19:30,Tioga,1,,121.0
520,2020-03-18,19:30,Tompkins,3,,122.0
521,2020-03-18,19:30,Ulster,9,,123.0
522,2020-03-18,19:30,Warren,1,,124.0
523,2020-03-18,19:30,Washington,1,,125.0
524,2020-03-18,19:30,Westchester,538,,126.0
525,2020-03-18,19:30,Wyoming,1,,127.0
526,2020-03-18,19:30,Total Number of Positive Cases,"2,382",,128.0
527,2020-03-19,13:20,Albany,43,,129.0
528,2020-03-19,13:20,Allegany,2,,130.0
529,2020-03-19,13:20,Broome,2,,131.0
530,2020-03-19,13:20,Chenango,2,,132.0
531,2020-03-19,13:20,Clinton,2,,133.0
532,2020-03-19,13:20,Delaware,1,,134.0
533,2020-03-19,13:20,Dutchess,31,,135.0
534,2020-03-19,13:20,Erie,28,,136.0
535,2020-03-19,13:20,Essex,1,,137.0
536,2020-03-19,13:20,Fulton,1,,138.0
537,2020-03-19,13:20,Genesee,1,,139.0
538,2020-03-19,13:20,Greene,2,,140.0
539,2020-03-19,13:20,Hamilton,2,,141.0
540,2020-03-19,13:20,Herkimer,1,,142.0
541,2020-03-19,13:20,Jefferson,1,,143.0
542,2020-03-19,13:20,Monroe,27,,144.0
543,2020-03-19,13:20,Montgomery,2,,145.0
544,2020-03-19,13:20,Nassau,372,,146.0
545,2020-03-19,13:20,Niagara,1,,147.0
546,2020-03-19,13:20,New York City,"2,469",,148.0
547,2020-03-19,13:20,Oneida,2,,149.0
548,2020-03-19,13:20,Onondaga,5,,150.0
549,2020-03-19,13:20,Ontario,1,,151.0
550,2020-03-19,13:20,Orange,51,,152.0
551,2020-03-19,13:20,Putnam,5,,153.0
552,2020-03-19,13:20,Rensselaer,6,,154.0
553,2020-03-19,13:20,Rockland,53,,155.0
554,2020-03-19,13:20,Saratoga,18,,156.0
555,2020-03-19,13:20,Schenectady,18,,157.0
556,2020-03-19,13:20,Schoharie,1,,158.0
557,2020-03-19,13:20,Suffolk,178,,159.0
558,2020-03-19,13:20,Sullivan,3,,160.0
559,2020-03-19,13:20,Tioga,1,,161.0
560,2020-03-19,13:20,Tompkins,6,,162.0
561,2020-03-19,13:20,Ulster,10,,163.0
562,2020-03-19,13:20,Warren,1,,164.0
563,2020-03-19,13:20,Washington,1,,165.0
564,2020-03-19,13:20,Wayne,1,,166.0
565,2020-03-19,13:20,Westchester,798,,167.0
566,2020-03-19,13:20,Wyoming,2,,168.0
567,2020-03-19,13:20,Total Number of Positive Cases,"4,152",,169.0
568,2020-03-18,19:30,Delaware,1,,100.0
569,2020-03-18,19:30,Dutchess,20,,101.0
570,2020-03-18,19:30,Erie,7,,102.0
571,2020-03-18,19:30,Essex,1,,103.0
572,2020-03-18,19:30,Greene,2,,104.0
573,2020-03-18,19:30,Hamilton,1,,105.0
574,2020-03-18,19:30,Herkimer,1,,106.0
575,2020-03-18,19:30,Monroe,14,,107.0
576,2020-03-18,19:30,Montgomery,2,,108.0
577,2020-03-18,19:30,Nassau,183,,109.0
578,2020-03-18,19:30,New York City,"1,339",,110.0
579,2020-03-18,19:30,Onondaga,2,,111.0
580,2020-03-18,19:30,Ontario,1,,112.0
581,2020-03-18,19:30,Orange,32,,113.0
582,2020-03-18,19:30,Putnam,2,,114.0
583,2020-03-18,19:30,Rensselaer,4,,115.0
584,2020-03-18,19:30,Rockland,30,,116.0
585,2020-03-18,19:30,Saratoga,14,,117.0
586,2020-03-18,19:30,Schenectady,14,,118.0
587,2020-03-18,19:30,Suffolk,116,,119.0
588,2020-03-18,19:30,Sullivan,1,,120.0
589,2020-03-18,19:30,Tioga,1,,121.0
590,2020-03-18,19:30,Tompkins,3,,122.0
591,2020-03-18,19:30,Ulster,9,,123.0
592,2020-03-18,19:30,Warren,1,,124.0
593,2020-03-18,19:30,Washington,1,,125.0
594,2020-03-18,19:30,Westchester,538,,126.0
595,2020-03-18,19:30,Wyoming,1,,127.0
596,2020-03-18,19:30,Total Number of Positive Cases,"2,382",,128.0
597,2020-03-19,13:20,Albany,43,,129.0
598,2020-03-19,13:20,Allegany,2,,130.0
599,2020-03-19,13:20,Broome,2,,131.0
600,2020-03-19,13:20,Chenango,2,,132.0
601,2020-03-19,13:20,Clinton,2,,133.0
602,2020-03-19,13:20,Delaware,1,,134.0
603,2020-03-19,13:20,Dutchess,31,,135.0
604,2020-03-19,13:20,Erie,28,,136.0
605,2020-03-19,13:20,Essex,1,,137.0
606,2020-03-19,13:20,Fulton,1,,138.0
607,2020-03-19,13:20,Genesee,1,,139.0
608,2020-03-19,13:20,Greene,2,,140.0
609,2020-03-19,13:20,Hamilton,2,,141.0
610,2020-03-19,13:20,Herkimer,1,,142.0
611,2020-03-19,13:20,Jefferson,1,,143.0
612,2020-03-19,13:20,Monroe,27,,144.0
613,2020-03-19,13:20,Montgomery,2,,145.0
614,2020-03-19,13:20,Nassau,372,,146.0
615,2020-03-19,13:20,Niagara,1,,147.0
616,2020-03-19,13:20,New York City,"2,469",,148.0
617,2020-03-19,13:20,Oneida,2,,149.0
618,2020-03-19,13:20,Onondaga,5,,150.0
619,2020-03-19,13:20,Ontario,1,,151.0
620,2020-03-19,13:20,Orange,51,,152.0
621,2020-03-19,13:20,Putnam,5,,153.0
622,2020-03-19,13:20,Rensselaer,6,,154.0
623,2020-03-19,13:20,Rockland,53,,155.0
624,2020-03-19,13:20,Saratoga,18,,156.0
625,2020-03-19,13:20,Schenectady,18,,157.0
626,2020-03-19,13:20,Schoharie,1,,158.0
627,2020-03-19,13:20,Suffolk,178,,159.0
628,2020-03-19,13:20,Sullivan,3,,160.0
629,2020-03-19,13:20,Tioga,1,,161.0
630,2020-03-19,13:20,Tompkins,6,,162.0
631,2020-03-19,13:20,Ulster,10,,163.0
632,2020-03-19,13:20,Warren,1,,164.0
633,2020-03-19,13:20,Washington,1,,165.0
634,2020-03-19,13:20,Wayne,1,,166.0
635,2020-03-19,13:20,Westchester,798,,167.0
636,2020-03-19,13:20,Wyoming,2,,168.0
637,2020-03-19,13:20,Total Number of Positive Cases,"4,152",,169.0
638,2020-03-20,15:25,Albany,61,,170.0
639,2020-03-20,15:25,Allegany,2,,171.0
640,2020-03-20,15:25,Broome,2,,172.0
641,2020-03-20,15:25,Chenango,2,,173.0
642,2020-03-20,15:25,Clinton,2,,174.0
643,2020-03-20,15:25,Columbia,1,,175.0
644,2020-03-20,15:25,Delaware,1,,176.0
645,2020-03-20,15:25,Dutchess,36,,177.0
646,2020-03-20,15:25,Erie,31,,178.0
647,2020-03-20,15:25,Essex,1,,179.0
648,2020-03-20,15:25,Fulton,1,,180.0
649,2020-03-20,15:25,Genesee,1,,181.0
650,2020-03-20,15:25,Greene,2,,182.0
651,2020-03-20,15:25,Hamilton,2,,183.0
652,2020-03-20,15:25,Herkimer,2,,184.0
653,2020-03-20,15:25,Jefferson,1,,185.0
654,2020-03-20,15:25,Livingston,1,,186.0
655,2020-03-20,15:25,Monroe,32,,187.0
656,2020-03-20,15:25,Montgomery,2,,188.0
657,2020-03-20,15:25,Nassau,754,,189.0
658,2020-03-20,15:25,Niagara,3,,190.0
659,2020-03-20,15:25,New York City,"4,408",,191.0
660,2020-03-20,15:25,Oneida,2,,192.0
661,2020-03-20,15:25,Onondaga,8,,193.0
662,2020-03-20,15:25,Ontario,3,,194.0
663,2020-03-20,15:25,Orange,84,,195.0
664,2020-03-20,15:25,Putnam,7,,196.0
665,2020-03-20,15:25,Rensselaer,8,,197.0
666,2020-03-20,15:25,Rockland,101,,198.0
667,2020-03-20,15:25,Saratoga,24,,199.0
668,2020-03-20,15:25,Schenectady,21,,200.0
669,2020-03-20,15:25,Schoharie,1,,201.0
670,2020-03-20,15:25,Suffolk,371,,202.0
671,2020-03-20,15:25,Sullivan,8,,203.0
672,2020-03-20,15:25,Tioga,1,,204.0
673,2020-03-20,15:25,Tompkins,7,,205.0
674,2020-03-20,15:25,Ulster,12,,206.0
675,2020-03-20,15:25,Warren,1,,207.0
676,2020-03-20,15:25,Washington,1,,208.0
677,2020-03-20,15:25,Wayne,1,,209.0
678,2020-03-20,15:25,Westchester,"1,091",,210.0
679,2020-03-20,15:25,Wyoming,2,,211.0
680,2020-03-20,15:25,Total Number of Positive Cases,"7,102",,212.0
681,2020-03-17,13:19,Westchester,380,,0.0
682,2020-03-17,13:19,Nassau,131,,1.0
683,2020-03-17,13:19,Suffolk,84,,2.0
684,2020-03-17,13:19,Albany,23,,3.0
685,2020-03-17,13:19,Rockland,22,,4.0
686,2020-03-17,13:19,Dutchess,16,,5.0
687,2020-03-17,13:19,Orange,15,,6.0
688,2020-03-17,13:19,Monroe,10,,7.0
689,2020-03-17,13:19,Saratoga,9,,8.0
690,2020-03-17,13:19,Ulster,8,,9.0
691,2020-03-17,13:19,Erie,7,,10.0
692,2020-03-17,13:19,Schenectady,5,,11.0
693,2020-03-17,13:19,Allegany,2,,12.0
694,2020-03-17,13:19,Greene,2,,13.0
695,2020-03-17,13:19,Putnam,2,,14.0
696,2020-03-17,13:19,Onondaga,2,,15.0
697,2020-03-17,13:19,Tompkins,2,,16.0
698,2020-03-17,13:19,Broome,1,,17.0
699,2020-03-17,13:19,Clinton,1,,18.0
700,2020-03-17,13:19,Delaware,1,,19.0
701,2020-03-17,13:19,Herkimer,1,,20.0
702,2020-03-17,13:19,Tioga,1,,21.0
703,2020-03-17,13:19,Montgomery,1,,22.0
704,2020-03-17,13:19,Ontario,1,,23.0
705,2020-03-17,13:19,Rensselaer,1,,24.0
706,2020-03-17,13:19,Sullivan,1,,25.0
707,2020-03-17,13:19,Wyoming,1,,26.0
708,2020-03-17,13:19,New York State (Outside of NYC),730,,27.0
709,2020-03-17,13:19,New York City,644,,28.0
710,2020-03-17,13:19,Total Positive Cases (Statewide),"1,374",,29.0
711,2020-03-17,20:15,Westchester,380,,30.0
712,2020-03-17,20:15,Nassau,131,,31.0
713,2020-03-17,20:15,Suffolk,84,,32.0
714,2020-03-17,20:15,Albany,23,,33.0
715,2020-03-17,20:15,Rockland,22,,34.0
716,2020-03-17,20:15,Dutchess,16,,35.0
717,2020-03-17,20:15,Orange,15,,36.0
718,2020-03-17,20:15,Monroe,10,,37.0
719,2020-03-17,20:15,Saratoga,9,,38.0
720,2020-03-17,20:15,Ulster,8,,39.0
721,2020-03-17,20:15,Erie,7,,40.0
722,2020-03-17,20:15,Schenectady,5,,41.0
723,2020-03-17,20:15,Allegany,2,,42.0
724,2020-03-17,20:15,Greene,2,,43.0
725,2020-03-17,20:15,Putnam,2,,44.0
726,2020-03-17,20:15,Onondaga,2,,45.0
727,2020-03-17,20:15,Tompkins,2,,46.0
728,2020-03-17,20:15,Broome,1,,47.0
729,2020-03-17,20:15,Clinton,1,,48.0
730,2020-03-17,20:15,Delaware,1,,49.0
731,2020-03-17,20:15,Herkimer,1,,50.0
732,2020-03-17,20:15,Tioga,1,,51.0
733,2020-03-17,20:15,Montgomery,1,,52.0
734,2020-03-17,20:15,Ontario,1,,53.0
735,2020-03-17,20:15,Rensselaer,1,,54.0
736,2020-03-17,20:15,Sullivan,1,,55.0
737,2020-03-17,20:15,Wyoming,1,,56.0
738,2020-03-17,20:15,New York State (Outside of NYC),730,,57.0
739,2020-03-17,20:15,New York City,644,,58.0
740,2020-03-17,20:15,Total Positive Cases (Statewide),"1,374",,59.0
741,2020-03-16,20:15,Westchester,220,,60.0
742,2020-03-18,14:05,Albany,36,,61.0
743,2020-03-18,14:05,Allegany,2,,62.0
744,2020-03-18,14:05,Broome,1,,63.0
745,2020-03-18,14:05,Chenango,1,,64.0
746,2020-03-18,14:05,Clinton,1,,65.0
747,2020-03-18,14:05,Delaware,1,,66.0
748,2020-03-18,14:05,Dutchess,20,,67.0
749,2020-03-18,14:05,Erie,7,,68.0
750,2020-03-18,14:05,Essex,1,,69.0
751,2020-03-18,14:05,Greene,2,,70.0
752,2020-03-18,14:05,Hamilton,1,,71.0
753,2020-03-18,14:05,Herkimer,1,,72.0
754,2020-03-18,14:05,Monroe,14,,73.0
755,2020-03-18,14:05,Montgomery,2,,74.0
756,2020-03-18,14:05,Nassau,183,,75.0
757,2020-03-18,14:05,New York City,"1,339",,76.0
758,2020-03-18,14:05,Onondaga,2,,77.0
759,2020-03-18,14:05,Ontario,1,,78.0
760,2020-03-18,14:05,Orange,32,,79.0
761,2020-03-18,14:05,Putnam,2,,80.0
762,2020-03-18,14:05,Rensselaer,4,,81.0
763,2020-03-18,14:05,Rockland,30,,82.0
764,2020-03-18,14:05,Saratoga,14,,83.0
765,2020-03-18,14:05,Schenectady,14,,84.0
766,2020-03-18,14:05,Suffolk,116,,85.0
767,2020-03-18,14:05,Sullivan,1,,86.0
768,2020-03-18,14:05,Tioga,1,,87.0
769,2020-03-18,14:05,Tompkins,3,,88.0
770,2020-03-18,14:05,Ulster,9,,89.0
771,2020-03-18,14:05,Warren,1,,90.0
772,2020-03-18,14:05,Washington,1,,91.0
773,2020-03-18,14:05,Westchester,538,,92.0
774,2020-03-18,14:05,Wyoming,1,,93.0
775,2020-03-18,14:05,Total Number of Positive Cases,"2,382",,94.0
776,2020-03-18,19:30,Albany,36,,95.0
777,2020-03-18,19:30,Allegany,2,,96.0
778,2020-03-18,19:30,Broome,1,,97.0
779,2020-03-18,19:30,Chenango,1,,98.0
780,2020-03-18,19:30,Clinton,1,,99.0
781,2020-03-18,19:30,Delaware,1,,100.0
782,2020-03-18,19:30,Dutchess,20,,101.0
783,2020-03-18,19:30,Erie,7,,102.0
784,2020-03-18,19:30,Essex,1,,103.0
785,2020-03-18,19:30,Greene,2,,104.0
786,2020-03-18,19:30,Hamilton,1,,105.0
787,2020-03-18,19:30,Herkimer,1,,106.0
788,2020-03-18,19:30,Monroe,14,,107.0
789,2020-03-18,19:30,Montgomery,2,,108.0
790,2020-03-18,19:30,Nassau,183,,109.0
791,2020-03-18,19:30,New York City,"1,339",,110.0
792,2020-03-18,19:30,Onondaga,2,,111.0
793,2020-03-18,19:30,Ontario,1,,112.0
794,2020-03-18,19:30,Orange,32,,113.0
795,2020-03-18,19:30,Putnam,2,,114.0
796,2020-03-18,19:30,Rensselaer,4,,115.0
797,2020-03-18,19:30,Rockland,30,,116.0
798,2020-03-18,19:30,Saratoga,14,,117.0
799,2020-03-18,19:30,Schenectady,14,,118.0
800,2020-03-18,19:30,Suffolk,116,,119.0
801,2020-03-18,19:30,Sullivan,1,,120.0
802,2020-03-18,19:30,Tioga,1,,121.0
803,2020-03-18,19:30,Tompkins,3,,122.0
804,2020-03-18,19:30,Ulster,9,,123.0
805,2020-03-18,19:30,Warren,1,,124.0
806,2020-03-18,19:30,Washington,1,,125.0
807,2020-03-18,19:30,Westchester,538,,126.0
808,2020-03-18,19:30,Wyoming,1,,127.0
809,2020-03-18,19:30,Total Number of Positive Cases,"2,382",,128.0
810,2020-03-19,13:20,Albany,43,,129.0
811,2020-03-19,13:20,Allegany,2,,130.0
812,2020-03-19,13:20,Broome,2,,131.0
813,2020-03-19,13:20,Chenango,2,,132.0
814,2020-03-19,13:20,Clinton,2,,133.0
815,2020-03-19,13:20,Delaware,1,,134.0
816,2020-03-19,13:20,Dutchess,31,,135.0
817,2020-03-19,13:20,Erie,28,,136.0
818,2020-03-19,13:20,Essex,1,,137.0
819,2020-03-19,13:20,Fulton,1,,138.0
820,2020-03-19,13:20,Genesee,1,,139.0
821,2020-03-19,13:20,Greene,2,,140.0
822,2020-03-19,13:20,Hamilton,2,,141.0
823,2020-03-19,13:20,Herkimer,1,,142.0
824,2020-03-19,13:20,Jefferson,1,,143.0
825,2020-03-19,13:20,Monroe,27,,144.0
826,2020-03-19,13:20,Montgomery,2,,145.0
827,2020-03-19,13:20,Nassau,372,,146.0
828,2020-03-19,13:20,Niagara,1,,147.0
829,2020-03-19,13:20,New York City,"2,469",,148.0
830,2020-03-19,13:20,Oneida,2,,149.0
831,2020-03-19,13:20,Onondaga,5,,150.0
832,2020-03-19,13:20,Ontario,1,,151.0
833,2020-03-19,13:20,Orange,51,,152.0
834,2020-03-19,13:20,Putnam,5,,153.0
835,2020-03-19,13:20,Rensselaer,6,,154.0
836,2020-03-19,13:20,Rockland,53,,155.0
837,2020-03-19,13:20,Saratoga,18,,156.0
838,2020-03-19,13:20,Schenectady,18,,157.0
839,2020-03-19,13:20,Schoharie,1,,158.0
840,2020-03-19,13:20,Suffolk,178,,159.0
841,2020-03-19,13:20,Sullivan,3,,160.0
842,2020-03-19,13:20,Tioga,1,,161.0
843,2020-03-19,13:20,Tompkins,6,,162.0
844,2020-03-19,13:20,Ulster,10,,163.0
845,2020-03-19,13:20,Warren,1,,164.0
846,2020-03-19,13:20,Washington,1,,165.0
847,2020-03-19,13:20,Wayne,1,,166.0
848,2020-03-19,13:20,Westchester,798,,167.0
849,2020-03-19,13:20,Wyoming,2,,168.0
850,2020-03-19,13:20,Total Number of Positive Cases,"4,152",,169.0
851,2020-03-20,15:25,Albany,61,,170.0
852,2020-03-20,15:25,Allegany,2,,171.0
853,2020-03-20,15:25,Broome,2,,172.0
854,2020-03-20,15:25,Chenango,2,,173.0
855,2020-03-20,15:25,Clinton,2,,174.0
856,2020-03-20,15:25,Columbia,1,,175.0
857,2020-03-20,15:25,Delaware,1,,176.0
858,2020-03-20,15:25,Dutchess,36,,177.0
859,2020-03-20,15:25,Erie,31,,178.0
860,2020-03-20,15:25,Essex,1,,179.0
861,2020-03-20,15:25,Fulton,1,,180.0
862,2020-03-20,15:25,Genesee,1,,181.0
863,2020-03-20,15:25,Greene,2,,182.0
864,2020-03-20,15:25,Hamilton,2,,183.0
865,2020-03-20,15:25,Herkimer,2,,184.0
866,2020-03-20,15:25,Jefferson,1,,185.0
867,2020-03-20,15:25,Livingston,1,,186.0
868,2020-03-20,15:25,Monroe,32,,187.0
869,2020-03-20,15:25,Montgomery,2,,188.0
870,2020-03-20,15:25,Nassau,754,,189.0
871,2020-03-20,15:25,Niagara,3,,190.0
872,2020-03-20,15:25,New York City,"4,408",,191.0
873,2020-03-20,15:25,Oneida,2,,192.0
874,2020-03-20,15:25,Onondaga,8,,193.0
875,2020-03-20,15:25,Ontario,3,,194.0
876,2020-03-20,15:25,Orange,84,,195.0
877,2020-03-20,15:25,Putnam,7,,196.0
878,2020-03-20,15:25,Rensselaer,8,,197.0
879,2020-03-20,15:25,Rockland,101,,198.0
880,2020-03-20,15:25,Saratoga,24,,199.0
881,2020-03-20,15:25,Schenectady,21,,200.0
882,2020-03-20,15:25,Schoharie,1,,201.0
883,2020-03-20,15:25,Suffolk,371,,202.0
884,2020-03-20,15:25,Sullivan,8,,203.0
885,2020-03-20,15:25,Tioga,1,,204.0
886,2020-03-20,15:25,Tompkins,7,,205.0
887,2020-03-20,15:25,Ulster,12,,206.0
888,2020-03-20,15:25,Warren,1,,207.0
889,2020-03-20,15:25,Washington,1,,208.0
890,2020-03-20,15:25,Wayne,1,,209.0
891,2020-03-20,15:25,Westchester,"1,091",,210.0
892,2020-03-20,15:25,Wyoming,2,,211.0
893,2020-03-20,15:25,Total Number of Positive Cases,"7,102",,212.0
894,2020-03-21,16:14,Albany,88,,213.0
895,2020-03-21,16:14,Allegany,2,,214.0
896,2020-03-21,16:14,Broome,2,,215.0
897,2020-03-21,16:14,Chenango,2,,216.0
898,2020-03-21,16:14,Clinton,4,,217.0
899,2020-03-21,16:14,Columbia,2,,218.0
900,2020-03-21,16:14,Delaware,1,,219.0
901,2020-03-21,16:14,Dutchess,49,,220.0
902,2020-03-21,16:14,Erie,38,,221.0
903,2020-03-21,16:14,Essex,2,,222.0
904,2020-03-21,16:14,Fulton,1,,223.0
905,2020-03-21,16:14,Genesee,1,,224.0
906,2020-03-21,16:14,Greene,2,,225.0
907,2020-03-21,16:14,Hamilton,2,,226.0
908,2020-03-21,16:14,Herkimer,3,,227.0
909,2020-03-21,16:14,Jefferson,1,,228.0
910,2020-03-21,16:14,Livingston,2,,229.0
911,2020-03-21,16:14,Monroe,42,,230.0
912,2020-03-21,16:14,Montgomery,3,,231.0
913,2020-03-21,16:14,Nassau,"1,234",,232.0
914,2020-03-21,16:14,Niagara,4,,233.0
915,2020-03-21,16:14,New York City,"6,211",,234.0
916,2020-03-21,16:14,Oneida,4,,235.0
917,2020-03-21,16:14,Onondaga,17,,236.0
918,2020-03-21,16:14,Ontario,4,,237.0
919,2020-03-21,16:14,Orange,163,,238.0
920,2020-03-21,16:14,Putnam,22,,239.0
921,2020-03-21,16:14,Rensselaer,20,,240.0
922,2020-03-21,16:14,Rockland,262,,241.0
923,2020-03-21,16:14,Saratoga,35,,242.0
924,2020-03-21,16:14,Schenectady,32,,243.0
925,2020-03-21,16:14,Schoharie,1,,244.0
926,2020-03-21,16:14,Steuben,2,,245.0
927,2020-03-21,16:14,Suffolk,662,,246.0
928,2020-03-21,16:14,Sullivan,12,,247.0
929,2020-03-21,16:14,Tioga,1,,248.0
930,2020-03-21,16:14,Tompkins,11,,249.0
931,2020-03-21,16:14,Ulster,18,,250.0
932,2020-03-21,16:14,Warren,1,,251.0
933,2020-03-21,16:14,Washington,1,,252.0
934,2020-03-21,16:14,Wayne,3,,253.0
935,2020-03-21,16:14,Westchester,"1,387",,254.0
936,2020-03-21,16:14,Wyoming,2,,255.0
937,2020-03-21,16:14,Total Number of Positive Cases,"10,356",,256.0
938,2020-03-17,13:19,Westchester,380,,0.0
939,2020-03-17,13:19,Nassau,131,,1.0
940,2020-03-17,13:19,Suffolk,84,,2.0
941,2020-03-17,13:19,Albany,23,,3.0
942,2020-03-17,13:19,Rockland,22,,4.0
943,2020-03-17,13:19,Dutchess,16,,5.0
944,2020-03-17,13:19,Orange,15,,6.0
945,2020-03-17,13:19,Monroe,10,,7.0
946,2020-03-17,13:19,Saratoga,9,,8.0
947,2020-03-17,13:19,Ulster,8,,9.0
948,2020-03-17,13:19,Erie,7,,10.0
949,2020-03-17,13:19,Schenectady,5,,11.0
950,2020-03-17,13:19,Allegany,2,,12.0
951,2020-03-17,13:19,Greene,2,,13.0
952,2020-03-17,13:19,Putnam,2,,14.0
953,2020-03-17,13:19,Onondaga,2,,15.0
954,2020-03-17,13:19,Tompkins,2,,16.0
955,2020-03-17,13:19,Broome,1,,17.0
956,2020-03-17,13:19,Clinton,1,,18.0
957,2020-03-17,13:19,Delaware,1,,19.0
958,2020-03-17,13:19,Herkimer,1,,20.0
959,2020-03-17,13:19,Tioga,1,,21.0
960,2020-03-17,13:19,Montgomery,1,,22.0
961,2020-03-17,13:19,Ontario,1,,23.0
962,2020-03-17,13:19,Rensselaer,1,,24.0
963,2020-03-17,13:19,Sullivan,1,,25.0
964,2020-03-17,13:19,Wyoming,1,,26.0
965,2020-03-17,13:19,New York State (Outside of NYC),730,,27.0
966,2020-03-17,13:19,New York City,644,,28.0
967,2020-03-17,13:19,Total Positive Cases (Statewide),"1,374",,29.0
968,2020-03-17,20:15,Westchester,380,,30.0
969,2020-03-17,20:15,Nassau,131,,31.0
970,2020-03-17,20:15,Suffolk,84,,32.0
971,2020-03-17,20:15,Albany,23,,33.0
972,2020-03-17,20:15,Rockland,22,,34.0
973,2020-03-17,20:15,Dutchess,16,,35.0
974,2020-03-17,20:15,Orange,15,,36.0
975,2020-03-17,20:15,Monroe,10,,37.0
976,2020-03-17,20:15,Saratoga,9,,38.0
977,2020-03-17,20:15,Ulster,8,,39.0
978,2020-03-17,20:15,Erie,7,,40.0
979,2020-03-17,20:15,Schenectady,5,,41.0
980,2020-03-17,20:15,Allegany,2,,42.0
981,2020-03-17,20:15,Greene,2,,43.0
982,2020-03-17,20:15,Putnam,2,,44.0
983,2020-03-17,20:15,Onondaga,2,,45.0
984,2020-03-17,20:15,Tompkins,2,,46.0
985,2020-03-17,20:15,Broome,1,,47.0
986,2020-03-17,20:15,Clinton,1,,48.0
987,2020-03-17,20:15,Delaware,1,,49.0
988,2020-03-17,20:15,Herkimer,1,,50.0
989,2020-03-17,20:15,Tioga,1,,51.0
990,2020-03-17,20:15,Montgomery,1,,52.0
991,2020-03-17,20:15,Ontario,1,,53.0
992,2020-03-17,20:15,Rensselaer,1,,54.0
993,2020-03-17,20:15,Sullivan,1,,55.0
994,2020-03-17,20:15,Wyoming,1,,56.0
995,2020-03-17,20:15,New York State (Outside of NYC),730,,57.0
996,2020-03-17,20:15,New York City,644,,58.0
997,2020-03-17,20:15,Total Positive Cases (Statewide),"1,374",,59.0
998,2020-03-16,20:15,Westchester,220,,60.0
999,2020-03-18,14:05,Albany,36,,61.0
1000,2020-03-18,14:05,Allegany,2,,62.0
1001,2020-03-18,14:05,Broome,1,,63.0
1002,2020-03-18,14:05,Chenango,1,,64.0
1003,2020-03-18,14:05,Clinton,1,,65.0
1004,2020-03-18,14:05,Delaware,1,,66.0
1005,2020-03-18,14:05,Dutchess,20,,67.0
1006,2020-03-18,14:05,Erie,7,,68.0
1007,2020-03-18,14:05,Essex,1,,69.0
1008,2020-03-18,14:05,Greene,2,,70.0
1009,2020-03-18,14:05,Hamilton,1,,71.0
1010,2020-03-18,14:05,Herkimer,1,,72.0
1011,2020-03-18,14:05,Monroe,14,,73.0
1012,2020-03-18,14:05,Montgomery,2,,74.0
1013,2020-03-18,14:05,Nassau,183,,75.0
1014,2020-03-18,14:05,New York City,"1,339",,76.0
1015,2020-03-18,14:05,Onondaga,2,,77.0
1016,2020-03-18,14:05,Ontario,1,,78.0
1017,2020-03-18,14:05,Orange,32,,79.0
1018,2020-03-18,14:05,Putnam,2,,80.0
1019,2020-03-18,14:05,Rensselaer,4,,81.0
1020,2020-03-18,14:05,Rockland,30,,82.0
1021,2020-03-18,14:05,Saratoga,14,,83.0
1022,2020-03-18,14:05,Schenectady,14,,84.0
1023,2020-03-18,14:05,Suffolk,116,,85.0
1024,2020-03-18,14:05,Sullivan,1,,86.0
1025,2020-03-18,14:05,Tioga,1,,87.0
1026,2020-03-18,14:05,Tompkins,3,,88.0
1027,2020-03-18,14:05,Ulster,9,,89.0
1028,2020-03-18,14:05,Warren,1,,90.0
1029,2020-03-18,14:05,Washington,1,,91.0
1030,2020-03-18,14:05,Westchester,538,,92.0
1031,2020-03-18,14:05,Wyoming,1,,93.0
1032,2020-03-18,14:05,Total Number of Positive Cases,"2,382",,94.0
1033,2020-03-18,19:30,Albany,36,,95.0
1034,2020-03-18,19:30,Allegany,2,,96.0
1035,2020-03-18,19:30,Broome,1,,97.0
1036,2020-03-18,19:30,Chenango,1,,98.0
1037,2020-03-18,19:30,Clinton,1,,99.0
1038,2020-03-18,19:30,Delaware,1,,100.0
1039,2020-03-18,19:30,Dutchess,20,,101.0
1040,2020-03-18,19:30,Erie,7,,102.0
1041,2020-03-18,19:30,Essex,1,,103.0
1042,2020-03-18,19:30,Greene,2,,104.0
1043,2020-03-18,19:30,Hamilton,1,,105.0
1044,2020-03-18,19:30,Herkimer,1,,106.0
1045,2020-03-18,19:30,Monroe,14,,107.0
1046,2020-03-18,19:30,Montgomery,2,,108.0
1047,2020-03-18,19:30,Nassau,183,,109.0
1048,2020-03-18,19:30,New York City,"1,339",,110.0
1049,2020-03-18,19:30,Onondaga,2,,111.0
1050,2020-03-18,19:30,Ontario,1,,112.0
1051,2020-03-18,19:30,Orange,32,,113.0
1052,2020-03-18,19:30,Putnam,2,,114.0
1053,2020-03-18,19:30,Rensselaer,4,,115.0
1054,2020-03-18,19:30,Rockland,30,,116.0
1055,2020-03-18,19:30,Saratoga,14,,117.0
1056,2020-03-18,19:30,Schenectady,14,,118.0
1057,2020-03-18,19:30,Suffolk,116,,119.0
1058,2020-03-18,19:30,Sullivan,1,,120.0
1059,2020-03-18,19:30,Tioga,1,,121.0
1060,2020-03-18,19:30,Tompkins,3,,122.0
1061,2020-03-18,19:30,Ulster,9,,123.0
1062,2020-03-18,19:30,Warren,1,,124.0
1063,2020-03-18,19:30,Washington,1,,125.0
1064,2020-03-18,19:30,Westchester,538,,126.0
1065,2020-03-18,19:30,Wyoming,1,,127.0
1066,2020-03-18,19:30,Total Number of Positive Cases,"2,382",,128.0
1067,2020-03-19,13:20,Albany,43,,129.0
1068,2020-03-19,13:20,Allegany,2,,130.0
1069,2020-03-19,13:20,Broome,2,,131.0
1070,2020-03-19,13:20,Chenango,2,,132.0
1071,2020-03-19,13:20,Clinton,2,,133.0
1072,2020-03-19,13:20,Delaware,1,,134.0
1073,2020-03-19,13:20,Dutchess,31,,135.0
1074,2020-03-19,13:20,Erie,28,,136.0
1075,2020-03-19,13:20,Essex,1,,137.0
1076,2020-03-19,13:20,Fulton,1,,138.0
1077,2020-03-19,13:20,Genesee,1,,139.0
1078,2020-03-19,13:20,Greene,2,,140.0
1079,2020-03-19,13:20,Hamilton,2,,141.0
1080,2020-03-19,13:20,Herkimer,1,,142.0
1081,2020-03-19,13:20,Jefferson,1,,143.0
1082,2020-03-19,13:20,Monroe,27,,144.0
1083,2020-03-19,13:20,Montgomery,2,,145.0
1084,2020-03-19,13:20,Nassau,372,,146.0
1085,2020-03-19,13:20,Niagara,1,,147.0
1086,2020-03-19,13:20,New York City,"2,469",,148.0
1087,2020-03-19,13:20,Oneida,2,,149.0
1088,2020-03-19,13:20,Onondaga,5,,150.0
1089,2020-03-19,13:20,Ontario,1,,151.0
1090,2020-03-19,13:20,Orange,51,,152.0
1091,2020-03-19,13:20,Putnam,5,,153.0
1092,2020-03-19,13:20,Rensselaer,6,,154.0
1093,2020-03-19,13:20,Rockland,53,,155.0
1094,2020-03-19,13:20,Saratoga,18,,156.0
1095,2020-03-19,13:20,Schenectady,18,,157.0
1096,2020-03-19,13:20,Schoharie,1,,158.0
1097,2020-03-19,13:20,Suffolk,178,,159.0
1098,2020-03-19,13:20,Sullivan,3,,160.0
1099,2020-03-19,13:20,Tioga,1,,161.0
1100,2020-03-19,13:20,Tompkins,6,,162.0
1101,2020-03-19,13:20,Ulster,10,,163.0
1102,2020-03-19,13:20,Warren,1,,164.0
1103,2020-03-19,13:20,Washington,1,,165.0
1104,2020-03-19,13:20,Wayne,1,,166.0
1105,2020-03-19,13:20,Westchester,798,,167.0
1106,2020-03-19,13:20,Wyoming,2,,168.0
1107,2020-03-19,13:20,Total Number of Positive Cases,"4,152",,169.0
1108,2020-03-20,15:25,Albany,61,,170.0
1109,2020-03-20,15:25,Allegany,2,,171.0
1110,2020-03-20,15:25,Broome,2,,172.0
1111,2020-03-20,15:25,Chenango,2,,173.0
1112,2020-03-20,15:25,Clinton,2,,174.0
1113,2020-03-20,15:25,Columbia,1,,175.0
1114,2020-03-20,15:25,Delaware,1,,176.0
1115,2020-03-20,15:25,Dutchess,36,,177.0
1116,2020-03-20,15:25,Erie,31,,178.0
1117,2020-03-20,15:25,Essex,1,,179.0
1118,2020-03-20,15:25,Fulton,1,,180.0
1119,2020-03-20,15:25,Genesee,1,,181.0
1120,2020-03-20,15:25,Greene,2,,182.0
1121,2020-03-20,15:25,Hamilton,2,,183.0
1122,2020-03-20,15:25,Herkimer,2,,184.0
1123,2020-03-20,15:25,Jefferson,1,,185.0
1124,2020-03-20,15:25,Livingston,1,,186.0
1125,2020-03-20,15:25,Monroe,32,,187.0
1126,2020-03-20,15:25,Montgomery,2,,188.0
1127,2020-03-20,15:25,Nassau,754,,189.0
1128,2020-03-20,15:25,Niagara,3,,190.0
1129,2020-03-20,15:25,New York City,"4,408",,191.0
1130,2020-03-20,15:25,Oneida,2,,192.0
1131,2020-03-20,15:25,Onondaga,8,,193.0
1132,2020-03-20,15:25,Ontario,3,,194.0
1133,2020-03-20,15:25,Orange,84,,195.0
1134,2020-03-20,15:25,Putnam,7,,196.0
1135,2020-03-20,15:25,Rensselaer,8,,197.0
1136,2020-03-20,15:25,Rockland,101,,198.0
1137,2020-03-20,15:25,Saratoga,24,,199.0
1138,2020-03-20,15:25,Schenectady,21,,200.0
1139,2020-03-20,15:25,Schoharie,1,,201.0
1140,2020-03-20,15:25,Suffolk,371,,202.0
1141,2020-03-20,15:25,Sullivan,8,,203.0
1142,2020-03-20,15:25,Tioga,1,,204.0
1143,2020-03-20,15:25,Tompkins,7,,205.0
1144,2020-03-20,15:25,Ulster,12,,206.0
1145,2020-03-20,15:25,Warren,1,,207.0
1146,2020-03-20,15:25,Washington,1,,208.0
1147,2020-03-20,15:25,Wayne,1,,209.0
1148,2020-03-20,15:25,Westchester,"1,091",,210.0
1149,2020-03-20,15:25,Wyoming,2,,211.0
1150,2020-03-20,15:25,Total Number of Positive Cases,"7,102",,212.0
1151,2020-03-21,16:14,Albany,88,,213.0
1152,2020-03-21,16:14,Allegany,2,,214.0
1153,2020-03-21,16:14,Broome,2,,215.0
1154,2020-03-21,16:14,Chenango,2,,216.0
1155,2020-03-21,16:14,Clinton,4,,217.0
1156,2020-03-21,16:14,Columbia,2,,218.0
1157,2020-03-21,16:14,Delaware,1,,219.0
1158,2020-03-21,16:14,Dutchess,49,,220.0
1159,2020-03-21,16:14,Erie,38,,221.0
1160,2020-03-21,16:14,Essex,2,,222.0
1161,2020-03-21,16:14,Fulton,1,,223.0
1162,2020-03-21,16:14,Genesee,1,,224.0
1163,2020-03-21,16:14,Greene,2,,225.0
1164,2020-03-21,16:14,Hamilton,2,,226.0
1165,2020-03-21,16:14,Herkimer,3,,227.0
1166,2020-03-21,16:14,Jefferson,1,,228.0
1167,2020-03-21,16:14,Livingston,2,,229.0
1168,2020-03-21,16:14,Monroe,42,,230.0
1169,2020-03-21,16:14,Montgomery,3,,231.0
1170,2020-03-21,16:14,Nassau,"1,234",,232.0
1171,2020-03-21,16:14,Niagara,4,,233.0
1172,2020-03-21,16:14,New York City,"6,211",,234.0
1173,2020-03-21,16:14,Oneida,4,,235.0
1174,2020-03-21,16:14,Onondaga,17,,236.0
1175,2020-03-21,16:14,Ontario,4,,237.0
1176,2020-03-21,16:14,Orange,163,,238.0
1177,2020-03-21,16:14,Putnam,22,,239.0
1178,2020-03-21,16:14,Rensselaer,20,,240.0
1179,2020-03-21,16:14,Rockland,262,,241.0
1180,2020-03-21,16:14,Saratoga,35,,242.0
1181,2020-03-21,16:14,Schenectady,32,,243.0
1182,2020-03-21,16:14,Schoharie,1,,244.0
1183,2020-03-21,16:14,Steuben,2,,245.0
1184,2020-03-21,16:14,Suffolk,662,,246.0
1185,2020-03-21,16:14,Sullivan,12,,247.0
1186,2020-03-21,16:14,Tioga,1,,248.0
1187,2020-03-21,16:14,Tompkins,11,,249.0
1188,2020-03-21,16:14,Ulster,18,,250.0
1189,2020-03-21,16:14,Warren,1,,251.0
1190,2020-03-21,16:14,Washington,1,,252.0
1191,2020-03-21,16:14,Wayne,3,,253.0
1192,2020-03-21,16:14,Westchester,"1,387",,254.0
1193,2020-03-21,16:14,Wyoming,2,,255.0
1194,2020-03-21,16:14,Total Number of Positive Cases,"10,356",,256.0
1195,2020-03-22,14:15,Albany,123,,257.0
1196,2020-03-22,14:15,Allegany,2,,258.0
1197,2020-03-22,14:15,Broome,3,,259.0
1198,2020-03-22,14:15,Chenango,3,,260.0
1199,2020-03-22,14:15,Clinton,4,,261.0
1200,2020-03-22,14:15,Columbia,5,,262.0
1201,2020-03-22,14:15,Cortland,1,,263.0
1202,2020-03-22,14:15,Delaware,3,,264.0
1203,2020-03-22,14:15,Dutchess,82,,265.0
1204,2020-03-22,14:15,Erie,54,,266.0
1205,2020-03-22,14:15,Essex,3,,267.0
1206,2020-03-22,14:15,Fulton,1,,268.0
1207,2020-03-22,14:15,Genesee,1,,269.0
1208,2020-03-22,14:15,Greene,2,,270.0
1209,2020-03-22,14:15,Hamilton,2,,271.0
1210,2020-03-22,14:15,Herkimer,4,,272.0
1211,2020-03-22,14:15,Jefferson,1,,273.0
1212,2020-03-22,14:15,Livingston,2,,274.0
1213,2020-03-22,14:15,Madison,1,,275.0
1214,2020-03-22,14:15,Monroe,57,,276.0
1215,2020-03-22,14:15,Montgomery,3,,277.0
1216,2020-03-22,14:15,Nassau,"1,900",,278.0
1217,2020-03-22,14:15,Niagara,6,,279.0
1218,2020-03-22,14:15,New York City,"9,045",,280.0
1219,2020-03-22,14:15,Oneida,5,,281.0
1220,2020-03-22,14:15,Onondaga,29,,282.0
1221,2020-03-22,14:15,Ontario,6,,283.0
1222,2020-03-22,14:15,Orange,247,,284.0
1223,2020-03-22,14:15,Putnam,37,,285.0
1224,2020-03-22,14:15,Rensselaer,26,,286.0
1225,2020-03-22,14:15,Rockland,455,,287.0
1226,2020-03-22,14:15,Saratoga,41,,288.0
1227,2020-03-22,14:15,Schenectady,39,,289.0
1228,2020-03-22,14:15,Schoharie,1,,290.0
1229,2020-03-22,14:15,St. Lawrence,1,,291.0
1230,2020-03-22,14:15,Steuben,3,,292.0
1231,2020-03-22,14:15,Suffolk,"1,034",,293.0
1232,2020-03-22,14:15,Sullivan,16,,294.0
1233,2020-03-22,14:15,Tioga,1,,295.0
1234,2020-03-22,14:15,Tompkins,13,,296.0
1235,2020-03-22,14:15,Ulster,26,,297.0
1236,2020-03-22,14:15,Warren,1,,298.0
1237,2020-03-22,14:15,Washington,1,,299.0
1238,2020-03-22,14:15,Wayne,3,,300.0
1239,2020-03-22,14:15,Westchester,"1,873",,301.0
1240,2020-03-22,14:15,Wyoming,2,,302.0
1241,2020-03-22,14:15,Total Number of Positive Cases,"15,168",,303.0
0,2020-03-17,13:19,Westchester,380,,
1,2020-03-17,13:19,Nassau,131,,
2,2020-03-17,13:19,Suffolk,84,,
3,2020-03-17,13:19,Albany,23,,
4,2020-03-17,13:19,Rockland,22,,
5,2020-03-17,13:19,Dutchess,16,,
6,2020-03-17,13:19,Orange,15,,
7,2020-03-17,13:19,Monroe,10,,
8,2020-03-17,13:19,Saratoga,9,,
9,2020-03-17,13:19,Ulster,8,,
10,2020-03-17,13:19,Erie,7,,
11,2020-03-17,13:19,Schenectady,5,,
12,2020-03-17,13:19,Allegany,2,,
13,2020-03-17,13:19,Greene,2,,
14,2020-03-17,13:19,Putnam,2,,
15,2020-03-17,13:19,Onondaga,2,,
16,2020-03-17,13:19,Tompkins,2,,
17,2020-03-17,13:19,Broome,1,,
18,2020-03-17,13:19,Clinton,1,,
19,2020-03-17,13:19,Delaware,1,,
20,2020-03-17,13:19,Herkimer,1,,
21,2020-03-17,13:19,Tioga,1,,
22,2020-03-17,13:19,Montgomery,1,,
23,2020-03-17,13:19,Ontario,1,,
24,2020-03-17,13:19,Rensselaer,1,,
25,2020-03-17,13:19,Sullivan,1,,
26,2020-03-17,13:19,Wyoming,1,,
27,2020-03-17,13:19,New York State (Outside of NYC),730,,
28,2020-03-17,13:19,New York City,644,,
29,2020-03-17,13:19,Total Positive Cases (Statewide),"1,374",,
30,2020-03-17,20:15,Westchester,380,,
31,2020-03-17,20:15,Nassau,131,,
32,2020-03-17,20:15,Suffolk,84,,
33,2020-03-17,20:15,Albany,23,,
34,2020-03-17,20:15,Rockland,22,,
35,2020-03-17,20:15,Dutchess,16,,
36,2020-03-17,20:15,Orange,15,,
37,2020-03-17,20:15,Monroe,10,,
38,2020-03-17,20:15,Saratoga,9,,
39,2020-03-17,20:15,Ulster,8,,
40,2020-03-17,20:15,Erie,7,,
41,2020-03-17,20:15,Schenectady,5,,
42,2020-03-17,20:15,Allegany,2,,
43,2020-03-17,20:15,Greene,2,,
44,2020-03-17,20:15,Putnam,2,,
45,2020-03-17,20:15,Onondaga,2,,
46,2020-03-17,20:15,Tompkins,2,,
47,2020-03-17,20:15,Broome,1,,
48,2020-03-17,20:15,Clinton,1,,
49,2020-03-17,20:15,Delaware,1,,
50,2020-03-17,20:15,Herkimer,1,,
51,2020-03-17,20:15,Tioga,1,,
52,2020-03-17,20:15,Montgomery,1,,
53,2020-03-17,20:15,Ontario,1,,
54,2020-03-17,20:15,Rensselaer,1,,
55,2020-03-17,20:15,Sullivan,1,,
56,2020-03-17,20:15,Wyoming,1,,
57,2020-03-17,20:15,New York State (Outside of NYC),730,,
58,2020-03-17,20:15,New York City,644,,
59,2020-03-17,20:15,Total Positive Cases (Statewide),"1,374",,
60,2020-03-16,20:15,Westchester,220,,
61,2020-03-18,14:05,Albany,36,,
62,2020-03-18,14:05,Allegany,2,,
63,2020-03-18,14:05,Broome,1,,
64,2020-03-18,14:05,Chenango,1,,
65,2020-03-18,14:05,Clinton,1,,
66,2020-03-18,14:05,Delaware,1,,
67,2020-03-18,14:05,Dutchess,20,,
68,2020-03-18,14:05,Erie,7,,
69,2020-03-18,14:05,Essex,1,,
70,2020-03-18,14:05,Greene,2,,
71,2020-03-18,14:05,Hamilton,1,,
72,2020-03-18,14:05,Herkimer,1,,
73,2020-03-18,14:05,Monroe,14,,
74,2020-03-18,14:05,Montgomery,2,,
75,2020-03-18,14:05,Nassau,183,,
76,2020-03-18,14:05,New York City,"1,339",,
77,2020-03-18,14:05,Onondaga,2,,
78,2020-03-18,14:05,Ontario,1,,
79,2020-03-18,14:05,Orange,32,,
80,2020-03-18,14:05,Putnam,2,,
81,2020-03-18,14:05,Rensselaer,4,,
82,2020-03-18,14:05,Rockland,30,,
83,2020-03-18,14:05,Saratoga,14,,
84,2020-03-18,14:05,Schenectady,14,,
85,2020-03-18,14:05,Suffolk,116,,
86,2020-03-18,14:05,Sullivan,1,,
87,2020-03-18,14:05,Tioga,1,,
88,2020-03-18,14:05,Tompkins,3,,
89,2020-03-18,14:05,Ulster,9,,
90,2020-03-18,14:05,Warren,1,,
91,2020-03-18,14:05,Washington,1,,
92,2020-03-18,14:05,Westchester,538,,
93,2020-03-18,14:05,Wyoming,1,,
94,2020-03-18,14:05,Total Number of Positive Cases,"2,382",,
95,2020-03-18,19:30,Albany,36,,
96,2020-03-18,19:30,Allegany,2,,
97,2020-03-18,19:30,Broome,1,,
98,2020-03-18,19:30,Chenango,1,,
99,2020-03-18,19:30,Clinton,1,,
100,2020-03-18,19:30,Delaware,1,,
101,2020-03-18,19:30,Dutchess,20,,
102,2020-03-18,19:30,Erie,7,,
103,2020-03-18,19:30,Essex,1,,
104,2020-03-18,19:30,Greene,2,,
105,2020-03-18,19:30,Hamilton,1,,
106,2020-03-18,19:30,Herkimer,1,,
107,2020-03-18,19:30,Monroe,14,,
108,2020-03-18,19:30,Montgomery,2,,
109,2020-03-18,19:30,Nassau,183,,
110,2020-03-18,19:30,New York City,"1,339",,
111,2020-03-18,19:30,Onondaga,2,,
112,2020-03-18,19:30,Ontario,1,,
113,2020-03-18,19:30,Orange,32,,
114,2020-03-18,19:30,Putnam,2,,
115,2020-03-18,19:30,Rensselaer,4,,
116,2020-03-18,19:30,Rockland,30,,
117,2020-03-18,19:30,Saratoga,14,,
118,2020-03-18,19:30,Schenectady,14,,
119,2020-03-18,19:30,Suffolk,116,,
120,2020-03-18,19:30,Sullivan,1,,
121,2020-03-18,19:30,Tioga,1,,
122,2020-03-18,19:30,Tompkins,3,,
123,2020-03-18,19:30,Ulster,9,,
124,2020-03-18,19:30,Warren,1,,
125,2020-03-18,19:30,Washington,1,,
126,2020-03-18,19:30,Westchester,538,,
127,2020-03-18,19:30,Wyoming,1,,
128,2020-03-18,19:30,Total Number of Positive Cases,"2,382",,
129,2020-03-19,13:20,Albany,43,,
130,2020-03-19,13:20,Allegany,2,,
131,2020-03-19,13:20,Broome,2,,
132,2020-03-19,13:20,Chenango,2,,
133,2020-03-19,13:20,Clinton,2,,
134,2020-03-19,13:20,Delaware,1,,
135,2020-03-19,13:20,Dutchess,31,,
136,2020-03-19,13:20,Erie,28,,
137,2020-03-19,13:20,Essex,1,,
138,2020-03-19,13:20,Fulton,1,,
139,2020-03-19,13:20,Genesee,1,,
140,2020-03-19,13:20,Greene,2,,
141,2020-03-19,13:20,Hamilton,2,,
142,2020-03-19,13:20,Herkimer,1,,
143,2020-03-19,13:20,Jefferson,1,,
144,2020-03-19,13:20,Monroe,27,,
145,2020-03-19,13:20,Montgomery,2,,
146,2020-03-19,13:20,Nassau,372,,
147,2020-03-19,13:20,Niagara,1,,
148,2020-03-19,13:20,New York City,"2,469",,
149,2020-03-19,13:20,Oneida,2,,
150,2020-03-19,13:20,Onondaga,5,,
151,2020-03-19,13:20,Ontario,1,,
152,2020-03-19,13:20,Orange,51,,
153,2020-03-19,13:20,Putnam,5,,
154,2020-03-19,13:20,Rensselaer,6,,
155,2020-03-19,13:20,Rockland,53,,
156,2020-03-19,13:20,Saratoga,18,,
157,2020-03-19,13:20,Schenectady,18,,
158,2020-03-19,13:20,Schoharie,1,,
159,2020-03-19,13:20,Suffolk,178,,
160,2020-03-19,13:20,Sullivan,3,,
161,2020-03-19,13:20,Tioga,1,,
162,2020-03-19,13:20,Tompkins,6,,
163,2020-03-19,13:20,Ulster,10,,
164,2020-03-19,13:20,Warren,1,,
165,2020-03-19,13:20,Washington,1,,
166,2020-03-19,13:20,Wayne,1,,
167,2020-03-19,13:20,Westchester,798,,
168,2020-03-19,13:20,Wyoming,2,,
169,2020-03-19,13:20,Total Number of Positive Cases,"4,152",,
170,2020-03-20,15:25,Albany,61,,
171,2020-03-20,15:25,Allegany,2,,
172,2020-03-20,15:25,Broome,2,,
173,2020-03-20,15:25,Chenango,2,,
174,2020-03-20,15:25,Clinton,2,,
175,2020-03-20,15:25,Columbia,1,,
176,2020-03-20,15:25,Delaware,1,,
177,2020-03-20,15:25,Dutchess,36,,
178,2020-03-20,15:25,Erie,31,,
179,2020-03-20,15:25,Essex,1,,
180,2020-03-20,15:25,Fulton,1,,
181,2020-03-20,15:25,Genesee,1,,
182,2020-03-20,15:25,Greene,2,,
183,2020-03-20,15:25,Hamilton,2,,
184,2020-03-20,15:25,Herkimer,2,,
185,2020-03-20,15:25,Jefferson,1,,
186,2020-03-20,15:25,Livingston,1,,
187,2020-03-20,15:25,Monroe,32,,
188,2020-03-20,15:25,Montgomery,2,,
189,2020-03-20,15:25,Nassau,754,,
190,2020-03-20,15:25,Niagara,3,,
191,2020-03-20,15:25,New York City,"4,408",,
192,2020-03-20,15:25,Oneida,2,,
193,2020-03-20,15:25,Onondaga,8,,
194,2020-03-20,15:25,Ontario,3,,
195,2020-03-20,15:25,Orange,84,,
196,2020-03-20,15:25,Putnam,7,,
197,2020-03-20,15:25,Rensselaer,8,,
198,2020-03-20,15:25,Rockland,101,,
199,2020-03-20,15:25,Saratoga,24,,
200,2020-03-20,15:25,Schenectady,21,,
201,2020-03-20,15:25,Schoharie,1,,
202,2020-03-20,15:25,Suffolk,371,,
203,2020-03-20,15:25,Sullivan,8,,
204,2020-03-20,15:25,Tioga,1,,
205,2020-03-20,15:25,Tompkins,7,,
206,2020-03-20,15:25,Ulster,12,,
207,2020-03-20,15:25,Warren,1,,
208,2020-03-20,15:25,Washington,1,,
209,2020-03-20,15:25,Wayne,1,,
210,2020-03-20,15:25,Westchester,"1,091",,
211,2020-03-20,15:25,Wyoming,2,,
212,2020-03-20,15:25,Total Number of Positive Cases,"7,102",,
213,2020-03-21,16:14,Albany,88,,
214,2020-03-21,16:14,Allegany,2,,
215,2020-03-21,16:14,Broome,2,,
216,2020-03-21,16:14,Chenango,2,,
217,2020-03-21,16:14,Clinton,4,,
218,2020-03-21,16:14,Columbia,2,,
219,2020-03-21,16:14,Delaware,1,,
220,2020-03-21,16:14,Dutchess,49,,
221,2020-03-21,16:14,Erie,38,,
222,2020-03-21,16:14,Essex,2,,
223,2020-03-21,16:14,Fulton,1,,
224,2020-03-21,16:14,Genesee,1,,
225,2020-03-21,16:14,Greene,2,,
226,2020-03-21,16:14,Hamilton,2,,
227,2020-03-21,16:14,Herkimer,3,,
228,2020-03-21,16:14,Jefferson,1,,
229,2020-03-21,16:14,Livingston,2,,
230,2020-03-21,16:14,Monroe,42,,
231,2020-03-21,16:14,Montgomery,3,,
232,2020-03-21,16:14,Nassau,"1,234",,
233,2020-03-21,16:14,Niagara,4,,
234,2020-03-21,16:14,New York City,"6,211",,
235,2020-03-21,16:14,Oneida,4,,
236,2020-03-21,16:14,Onondaga,17,,
237,2020-03-21,16:14,Ontario,4,,
238,2020-03-21,16:14,Orange,163,,
239,2020-03-21,16:14,Putnam,22,,
240,2020-03-21,16:14,Rensselaer,20,,
241,2020-03-21,16:14,Rockland,262,,
242,2020-03-21,16:14,Saratoga,35,,
243,2020-03-21,16:14,Schenectady,32,,
244,2020-03-21,16:14,Schoharie,1,,
245,2020-03-21,16:14,Steuben,2,,
246,2020-03-21,16:14,Suffolk,662,,
247,2020-03-21,16:14,Sullivan,12,,
248,2020-03-21,16:14,Tioga,1,,
249,2020-03-21,16:14,Tompkins,11,,
250,2020-03-21,16:14,Ulster,18,,
251,2020-03-21,16:14,Warren,1,,
252,2020-03-21,16:14,Washington,1,,
253,2020-03-21,16:14,Wayne,3,,
254,2020-03-21,16:14,Westchester,"1,387",,
255,2020-03-21,16:14,Wyoming,2,,
256,2020-03-21,16:14,Total Number of Positive Cases,"10,356",,
257,2020-03-22,14:15,Albany,123,,
258,2020-03-22,14:15,Allegany,2,,
259,2020-03-22,14:15,Broome,3,,
260,2020-03-22,14:15,Chenango,3,,
261,2020-03-22,14:15,Clinton,4,,
262,2020-03-22,14:15,Columbia,5,,
263,2020-03-22,14:15,Cortland,1,,
264,2020-03-22,14:15,Delaware,3,,
265,2020-03-22,14:15,Dutchess,82,,
266,2020-03-22,14:15,Erie,54,,
267,2020-03-22,14:15,Essex,3,,
268,2020-03-22,14:15,Fulton,1,,
269,2020-03-22,14:15,Genesee,1,,
270,2020-03-22,14:15,Greene,2,,
271,2020-03-22,14:15,Hamilton,2,,
272,2020-03-22,14:15,Herkimer,4,,
273,2020-03-22,14:15,Jefferson,1,,
274,2020-03-22,14:15,Livingston,2,,
275,2020-03-22,14:15,Madison,1,,
276,2020-03-22,14:15,Monroe,57,,
277,2020-03-22,14:15,Montgomery,3,,
278,2020-03-22,14:15,Nassau,"1,900",,
279,2020-03-22,14:15,Niagara,6,,
280,2020-03-22,14:15,New York City,"9,045",,
281,2020-03-22,14:15,Oneida,5,,
282,2020-03-22,14:15,Onondaga,29,,
283,2020-03-22,14:15,Ontario,6,,
284,2020-03-22,14:15,Orange,247,,
285,2020-03-22,14:15,Putnam,37,,
286,2020-03-22,14:15,Rensselaer,26,,
287,2020-03-22,14:15,Rockland,455,,
288,2020-03-22,14:15,Saratoga,41,,
289,2020-03-22,14:15,Schenectady,39,,
290,2020-03-22,14:15,Schoharie,1,,
291,2020-03-22,14:15,St. Lawrence,1,,
292,2020-03-22,14:15,Steuben,3,,
293,2020-03-22,14:15,Suffolk,"1,034",,
294,2020-03-22,14:15,Sullivan,16,,
295,2020-03-22,14:15,Tioga,1,,
296,2020-03-22,14:15,Tompkins,13,,
297,2020-03-22,14:15,Ulster,26,,
298,2020-03-22,14:15,Warren,1,,
299,2020-03-22,14:15,Washington,1,,
300,2020-03-22,14:15,Wayne,3,,
301,2020-03-22,14:15,Westchester,"1,873",,
302,2020-03-22,14:15,Wyoming,2,,
303,2020-03-22,14:15,Total Number of Positive Cases,"15,168",,
304,2020-03-23,15:03,Albany,127,,
305,2020-03-23,15:03,Allegany,2,,
306,2020-03-23,15:03,Broome,7,,
307,2020-03-23,15:03,Cayuga,2,,
308,2020-03-23,15:03,Chenango,3,,
309,2020-03-23,15:03,Clinton,6,,
310,2020-03-23,15:03,Columbia,10,,
311,2020-03-23,15:03,Cortland,2,,
312,2020-03-23,15:03,Delaware,3,,
313,2020-03-23,15:03,Dutchess,100,,
314,2020-03-23,15:03,Erie,87,,
315,2020-03-23,15:03,Essex,3,,
316,2020-03-23,15:03,Fulton,1,,
317,2020-03-23,15:03,Genesee,1,,
318,2020-03-23,15:03,Greene,4,,
319,2020-03-23,15:03,Hamilton,2,,
320,2020-03-23,15:03,Herkimer,4,,
321,2020-03-23,15:03,Jefferson,2,,
322,2020-03-23,15:03,Livingston,3,,
323,2020-03-23,15:03,Madison,4,,
324,2020-03-23,15:03,Monroe,76,,
325,2020-03-23,15:03,Montgomery,3,,
326,2020-03-23,15:03,Nassau,"2,442",,
327,2020-03-23,15:03,Niagara,10,,
328,2020-03-23,15:03,New York City,"12,305",,
329,2020-03-23,15:03,Oneida,7,,
330,2020-03-23,15:03,Onondaga,52,,
331,2020-03-23,15:03,Ontario,6,,
332,2020-03-23,15:03,Orange,389,,
333,2020-03-23,15:03,Oswego,1,,
334,2020-03-23,15:03,Otsego,1,,
335,2020-03-23,15:03,Putnam,45,,
336,2020-03-23,15:03,Rensselaer,29,,
337,2020-03-23,15:03,Rockland,592,,
338,2020-03-23,15:03,Saratoga,53,,
339,2020-03-23,15:03,Schenectady,44,,
340,2020-03-23,15:03,Schoharie,1,,
341,2020-03-23,15:03,St. Lawrence,1,,
342,2020-03-23,15:03,Steuben,4,,
343,2020-03-23,15:03,Suffolk,"1,458",,
344,2020-03-23,15:03,Sullivan,23,,
345,2020-03-23,15:03,Tioga,1,,
346,2020-03-23,15:03,Tompkins,15,,
347,2020-03-23,15:03,Ulster,35,,
348,2020-03-23,15:03,Warren,2,,
349,2020-03-23,15:03,Washington,3,,
350,2020-03-23,15:03,Wayne,6,,
351,2020-03-23,15:03,Westchester,"2,894",,
352,2020-03-23,15:03,Wyoming,4,,
353,2020-03-23,15:03,Total Number of Positive Cases,"20,875",,
354,2020-03-24,14:49,Albany,146,,
355,2020-03-24,14:49,Allegany,2,,
356,2020-03-24,14:49,Broome,9,,
357,2020-03-24,14:49,Cayuga,2,,
358,2020-03-24,14:49,Chemung,1,,
359,2020-03-24,14:49,Chenango,3,,
360,2020-03-24,14:49,Clinton,8,,
361,2020-03-24,14:49,Columbia,11,,
362,2020-03-24,14:49,Cortland,2,,
363,2020-03-24,14:49,Delaware,3,,
364,2020-03-24,14:49,Dutchess,124,,
365,2020-03-24,14:49,Erie,107,,
366,2020-03-24,14:49,Essex,3,,
367,2020-03-24,14:49,Fulton,1,,
368,2020-03-24,14:49,Genesee,1,,
369,2020-03-24,14:49,Greene,4,,
370,2020-03-24,14:49,Hamilton,2,,
371,2020-03-24,14:49,Herkimer,4,,
372,2020-03-24,14:49,Jefferson,2,,
373,2020-03-24,14:49,Livingston,3,,
374,2020-03-24,14:49,Madison,5,,
375,2020-03-24,14:49,Monroe,96,,
376,2020-03-24,14:49,Montgomery,3,,
377,2020-03-24,14:49,Nassau,"2,869",,
378,2020-03-24,14:49,Niagara,11,,
379,2020-03-24,14:49,New York City,"14,904",,
380,2020-03-24,14:49,Oneida,8,,
381,2020-03-24,14:49,Onondaga,60,,
382,2020-03-24,14:49,Ontario,7,,
383,2020-03-24,14:49,Orange,498,,
384,2020-03-24,14:49,Oswego,2,,
385,2020-03-24,14:49,Otsego,1,,
386,2020-03-24,14:49,Putnam,67,,
387,2020-03-24,14:49,Rensselaer,30,,
388,2020-03-24,14:49,Rockland,671,,
389,2020-03-24,14:49,Saratoga,60,,
390,2020-03-24,14:49,Schenectady,46,,
391,2020-03-24,14:49,Schoharie,1,,
392,2020-03-24,14:49,St. Lawrence,1,,
393,2020-03-24,14:49,Steuben,5,,
394,2020-03-24,14:49,Suffolk,"1,880",,
395,2020-03-24,14:49,Sullivan,30,,
396,2020-03-24,14:49,Tioga,1,,
397,2020-03-24,14:49,Tompkins,16,,
398,2020-03-24,14:49,Ulster,47,,
399,2020-03-24,14:49,Warren,2,,
400,2020-03-24,14:49,Washington,3,,
401,2020-03-24,14:49,Wayne,6,,
402,2020-03-24,14:49,Westchester,"3,891",,
403,2020-03-24,14:49,Wyoming,4,,
404,2020-03-24,14:49,Total Number of Positive Cases,"25,665",,
405,2020-03-25,13:46,Albany,152,,
406,2020-03-25,13:46,Allegany,2,,
407,2020-03-25,13:46,Broome,11,,
408,2020-03-25,13:46,Cayuga,2,,
409,2020-03-25,13:46,Chautauqua,1,,
410,2020-03-25,13:46,Chemung,1,,
411,2020-03-25,13:46,Chenango,3,,
412,2020-03-25,13:46,Clinton,10,,
413,2020-03-25,13:46,Columbia,12,,
414,2020-03-25,13:46,Cortland,2,,
415,2020-03-25,13:46,Delaware,5,,
416,2020-03-25,13:46,Dutchess,153,,
417,2020-03-25,13:46,Erie,122,,
418,2020-03-25,13:46,Essex,4,,
419,2020-03-25,13:46,Franklin,1,,
420,2020-03-25,13:46,Fulton,1,,
421,2020-03-25,13:46,Genesee,2,,
422,2020-03-25,13:46,Greene,4,,
423,2020-03-25,13:46,Hamilton,2,,
424,2020-03-25,13:46,Herkimer,5,,
425,2020-03-25,13:46,Jefferson,2,,
426,2020-03-25,13:46,Livingston,3,,
427,2020-03-25,13:46,Madison,7,,
428,2020-03-25,13:46,Monroe,118,,
429,2020-03-25,13:46,Montgomery,4,,
430,2020-03-25,13:46,Nassau,"3,285",,
431,2020-03-25,13:46,Niagara,12,,
432,2020-03-25,13:46,New York City,"17,856",,
433,2020-03-25,13:46,Oneida,9,,
434,2020-03-25,13:46,Onondaga,65,,
435,2020-03-25,13:46,Ontario,9,,
436,2020-03-25,13:46,Orange,638,,
437,2020-03-25,13:46,Orleans,2,,
438,2020-03-25,13:46,Oswego,2,,
439,2020-03-25,13:46,Otsego,2,,
440,2020-03-25,13:46,Putnam,84,,
441,2020-03-25,13:46,Rensselaer,31,,
442,2020-03-25,13:46,Rockland,968,,
443,2020-03-25,13:46,Saratoga,64,,
444,2020-03-25,13:46,Schenectady,55,,
445,2020-03-25,13:46,Schoharie,2,,
446,2020-03-25,13:46,St. Lawrence,1,,
447,2020-03-25,13:46,Steuben,8,,
448,2020-03-25,13:46,Suffolk,"2,260",,
449,2020-03-25,13:46,Sullivan,39,,
450,2020-03-25,13:46,Tioga,1,,
451,2020-03-25,13:46,Tompkins,16,,
452,2020-03-25,13:46,Ulster,65,,
453,2020-03-25,13:46,Warren,2,,
454,2020-03-25,13:46,Washington,4,,
455,2020-03-25,13:46,Wayne,7,,
456,2020-03-25,13:46,Westchester,"4,691",,
457,2020-03-25,13:46,Wyoming,4,,
458,2020-03-25,13:46,Total Number of Positive Cases,"30,811",,
459,2020-03-26,13:49,Albany,171,,
460,2020-03-26,13:49,Allegany,2,,
461,2020-03-26,13:49,Broome,16,,
462,2020-03-26,13:49,Cayuga,2,,
463,2020-03-26,13:49,Chautauqua,1,,
464,2020-03-26,13:49,Chemung,7,,
465,2020-03-26,13:49,Chenango,3,,
466,2020-03-26,13:49,Clinton,11,,
467,2020-03-26,13:49,Columbia,13,,
468,2020-03-26,13:49,Cortland,2,,
469,2020-03-26,13:49,Delaware,7,,
470,2020-03-26,13:49,Dutchess,190,,
471,2020-03-26,13:49,Erie,134,,
472,2020-03-26,13:49,Essex,4,,
473,2020-03-26,13:49,Franklin,1,,
474,2020-03-26,13:49,Fulton,1,,
475,2020-03-26,13:49,Genesee,4,,
476,2020-03-26,13:49,Greene,5,,
477,2020-03-26,13:49,Hamilton,2,,
478,2020-03-26,13:49,Herkimer,7,,
479,2020-03-26,13:49,Jefferson,3,,
480,2020-03-26,13:49,Livingston,3,,
481,2020-03-26,13:49,Madison,9,,
482,2020-03-26,13:49,Monroe,139,,
483,2020-03-26,13:49,Montgomery,5,,
484,2020-03-26,13:49,Nassau,"3,914",,
485,2020-03-26,13:49,Niagara,14,,
486,2020-03-26,13:49,New York City,"21,393",,
487,2020-03-26,13:49,Oneida,13,,
488,2020-03-26,13:49,Onondaga,83,,
489,2020-03-26,13:49,Ontario,11,,
490,2020-03-26,13:49,Orange,751,,
491,2020-03-26,13:49,Orleans,2,,
492,2020-03-26,13:49,Oswego,4,,
493,2020-03-26,13:49,Otsego,3,,
494,2020-03-26,13:49,Putnam,94,,
495,2020-03-26,13:49,Rensselaer,32,,
496,2020-03-26,13:49,Rockland,"1,197",,
497,2020-03-26,13:49,Saratoga,73,,
498,2020-03-26,13:49,Schenectady,62,,
499,2020-03-26,13:49,Schoharie,2,,
500,2020-03-26,13:49,St. Lawrence,2,,
501,2020-03-26,13:49,Steuben,11,,
502,2020-03-26,13:49,Suffolk,"2,735",,
503,2020-03-26,13:49,Sullivan,53,,
504,2020-03-26,13:49,Tioga,2,,
505,2020-03-26,13:49,Tompkins,22,,
506,2020-03-26,13:49,Ulster,78,,
507,2020-03-26,13:49,Warren,2,,
508,2020-03-26,13:49,Washington,4,,
509,2020-03-26,13:49,Wayne,8,,
510,2020-03-26,13:49,Westchester,"5,944",,
511,2020-03-26,13:49,Wyoming,7,,
512,2020-03-26,13:49,Total Number of Positive Cases,"37,258",,
513,2020-03-28,14:55,Albany,195,,
514,2020-03-28,14:55,Allegany,2,,
515,2020-03-28,14:55,Broome,23,,
516,2020-03-28,14:55,Cattaraugus,1,,
517,2020-03-28,14:55,Cayuga,2,,
518,2020-03-28,14:55,Chautauqua,5,,
519,2020-03-28,14:55,Chemung,12,,
520,2020-03-28,14:55,Chenango,8,,
521,2020-03-28,14:55,Clinton,12,,
522,2020-03-28,14:55,Columbia,22,,
523,2020-03-28,14:55,Cortland,5,,
524,2020-03-28,14:55,Delaware,8,,
525,2020-03-28,14:55,Dutchess,262,,
526,2020-03-28,14:55,Erie,318,,
527,2020-03-28,14:55,Essex,4,,
528,2020-03-28,14:55,Franklin,4,,
529,2020-03-28,14:55,Fulton,1,,
530,2020-03-28,14:55,Genesee,7,,
531,2020-03-28,14:55,Greene,7,,
532,2020-03-28,14:55,Hamilton,2,,
533,2020-03-28,14:55,Herkimer,9,,
534,2020-03-28,14:55,Jefferson,6,,
535,2020-03-28,14:55,Livingston,5,,
536,2020-03-28,14:55,Madison,19,,
537,2020-03-28,14:55,Monroe,192,,
538,2020-03-28,14:55,Montgomery,5,,
539,2020-03-28,14:55,Nassau,"5,537",,
540,2020-03-28,14:55,Niagara,33,,
541,2020-03-28,14:55,New York City,"29,766",,
542,2020-03-28,14:55,Oneida,23,,
543,2020-03-28,14:55,Onondaga,129,,
544,2020-03-28,14:55,Ontario,16,,
545,2020-03-28,14:55,Orange,"1,101",,
546,2020-03-28,14:55,Orleans,3,,
547,2020-03-28,14:55,Oswego,7,,
548,2020-03-28,14:55,Otsego,7,,
549,2020-03-28,14:55,Putnam,131,,
550,2020-03-28,14:55,Rensselaer,38,,
551,2020-03-28,14:55,Rockland,"1,896",,
552,2020-03-28,14:55,Saratoga,96,,
553,2020-03-28,14:55,Schenectady,72,,
554,2020-03-28,14:55,Schoharie,5,,
555,2020-03-28,14:55,Schuyler,1,,
556,2020-03-28,14:55,St. Lawrence,8,,
557,2020-03-28,14:55,Steuben,13,,
558,2020-03-28,14:55,Suffolk,"4,138",,
559,2020-03-28,14:55,Sullivan,72,,
560,2020-03-28,14:55,Tioga,4,,
561,2020-03-28,14:55,Tompkins,45,,
562,2020-03-28,14:55,Ulster,128,,
563,2020-03-28,14:55,Warren,13,,
564,2020-03-28,14:55,Washington,6,,
565,2020-03-28,14:55,Wayne,12,,
566,2020-03-28,14:55,Westchester,"7,875",,
567,2020-03-28,14:55,Wyoming,7,,
568,2020-03-28,14:55,Total Number of Positive Cases,"52,318",,
569,2020-03-29,15:38,Albany,205,,
570,2020-03-29,15:38,Allegany,6,,
571,2020-03-29,15:38,Broome,29,,
572,2020-03-29,15:38,Cattaraugus,4,,
573,2020-03-29,15:38,Cayuga,2,,
574,2020-03-29,15:38,Chautauqua,5,,
575,2020-03-29,15:38,Chemung,15,,
576,2020-03-29,15:38,Chenango,15,,
577,2020-03-29,15:38,Clinton,13,,
578,2020-03-29,15:38,Columbia,23,,
579,2020-03-29,15:38,Cortland,6,,
580,2020-03-29,15:38,Delaware,8,,
581,2020-03-29,15:38,Dutchess,320,,
582,2020-03-29,15:38,Erie,358,,
583,2020-03-29,15:38,Essex,4,,
584,2020-03-29,15:38,Franklin,6,,
585,2020-03-29,15:38,Fulton,1,,
586,2020-03-29,15:38,Genesee,9,,
587,2020-03-29,15:38,Greene,7,,
588,2020-03-29,15:38,Hamilton,2,,
589,2020-03-29,15:38,Herkimer,10,,
590,2020-03-29,15:38,Jefferson,7,,
591,2020-03-29,15:38,Lewis,2,,
592,2020-03-29,15:38,Livingston,10,,
593,2020-03-29,15:38,Madison,24,,
594,2020-03-29,15:38,Monroe,219,,
595,2020-03-29,15:38,Montgomery,6,,
596,2020-03-29,15:38,Nassau,"6,445",,
597,2020-03-29,15:38,Niagara,38,,
598,2020-03-29,15:38,New York City,"33,768",,
599,2020-03-29,15:38,Oneida,26,,
600,2020-03-29,15:38,Onondaga,152,,
601,2020-03-29,15:38,Ontario,18,,
602,2020-03-29,15:38,Orange,"1,247",,
603,2020-03-29,15:38,Orleans,3,,
604,2020-03-29,15:38,Oswego,8,,
605,2020-03-29,15:38,Otsego,10,,
606,2020-03-29,15:38,Putnam,144,,
607,2020-03-29,15:38,Rensselaer,39,,
608,2020-03-29,15:38,Rockland,"2,209",,
609,2020-03-29,15:38,Saratoga,102,,
610,2020-03-29,15:38,Schenectady,76,,
611,2020-03-29,15:38,Schoharie,5,,
612,2020-03-29,15:38,Schuyler,1,,
613,2020-03-29,15:38,St. Lawrence,12,,
614,2020-03-29,15:38,Steuben,17,,
615,2020-03-29,15:38,Suffolk,"5,023",,
616,2020-03-29,15:38,Sullivan,88,,
617,2020-03-29,15:38,Tioga,4,,
618,2020-03-29,15:38,Tompkins,52,,
619,2020-03-29,15:38,Ulster,146,,
620,2020-03-29,15:38,Warren,18,,
621,2020-03-29,15:38,Washington,7,,
622,2020-03-29,15:38,Wayne,12,,
623,2020-03-29,15:38,Westchester,"8,519",,
624,2020-03-29,15:38,Wyoming,8,,
625,2020-03-29,15:38,Total Number of Positive Cases,"59,513",,
626,2020-03-30,15:58,Albany,217,,
627,2020-03-30,15:58,Allegany,7,,
628,2020-03-30,15:58,Broome,35,,
629,2020-03-30,15:58,Cattaraugus,6,,
630,2020-03-30,15:58,Cayuga,3,,
631,2020-03-30,15:58,Chautauqua,5,,
632,2020-03-30,15:58,Chemung,15,,
633,2020-03-30,15:58,Chenango,17,,
634,2020-03-30,15:58,Clinton,17,,
635,2020-03-30,15:58,Columbia,26,,
636,2020-03-30,15:58,Cortland,8,,
637,2020-03-30,15:58,Delaware,11,,
638,2020-03-30,15:58,Dutchess,392,,
639,2020-03-30,15:58,Erie,376,,
640,2020-03-30,15:58,Essex,4,,
641,2020-03-30,15:58,Franklin,6,,
642,2020-03-30,15:58,Fulton,1,,
643,2020-03-30,15:58,Genesee,9,,
644,2020-03-30,15:58,Greene,10,,
645,2020-03-30,15:58,Hamilton,2,,
646,2020-03-30,15:58,Herkimer,12,,
647,2020-03-30,15:58,Jefferson,11,,
648,2020-03-30,15:58,Lewis,2,,
649,2020-03-30,15:58,Livingston,12,,
650,2020-03-30,15:58,Madison,34,,
651,2020-03-30,15:58,Monroe,242,,
652,2020-03-30,15:58,Montgomery,6,,
653,2020-03-30,15:58,Nassau,"7,344",,
654,2020-03-30,15:58,Niagara,41,,
655,2020-03-30,15:58,New York City,"37,453",,
656,2020-03-30,15:58,Oneida,34,,
657,2020-03-30,15:58,Onondaga,180,,
658,2020-03-30,15:58,Ontario,20,,
659,2020-03-30,15:58,Orange,"1,435",,
660,2020-03-30,15:58,Orleans,4,,
661,2020-03-30,15:58,Oswego,14,,
662,2020-03-30,15:58,Otsego,17,,
663,2020-03-30,15:58,Putnam,167,,
664,2020-03-30,15:58,Rensselaer,40,,
665,2020-03-30,15:58,Rockland,"2,511",,
666,2020-03-30,15:58,Saratoga,105,,
667,2020-03-30,15:58,Schenectady,80,,
668,2020-03-30,15:58,Schoharie,6,,
669,2020-03-30,15:58,Schuyler,2,,
670,2020-03-30,15:58,St. Lawrence,13,,
671,2020-03-30,15:58,Steuben,19,,
672,2020-03-30,15:58,Suffolk,"5,791",,
673,2020-03-30,15:58,Sullivan,101,,
674,2020-03-30,15:58,Tioga,4,,
675,2020-03-30,15:58,Tompkins,66,,
676,2020-03-30,15:58,Ulster,190,,
677,2020-03-30,15:58,Warren,18,,
678,2020-03-30,15:58,Washington,7,,
679,2020-03-30,15:58,Wayne,15,,
680,2020-03-30,15:58,Westchester,"9,326",,
681,2020-03-30,15:58,Wyoming,8,,
682,2020-03-30,15:58,Total Number of Positive Cases,"66,497",,
683,2020-03-31,15:28,Albany,226,,
684,2020-03-31,15:28,Allegany,7,,
685,2020-03-31,15:28,Broome,38,,
686,2020-03-31,15:28,Cattaraugus,6,,
687,2020-03-31,15:28,Cayuga,3,,
688,2020-03-31,15:28,Chautauqua,6,,
689,2020-03-31,15:28,Chemung,20,,
690,2020-03-31,15:28,Chenango,19,,
691,2020-03-31,15:28,Clinton,21,,
692,2020-03-31,15:28,Columbia,30,,
693,2020-03-31,15:28,Cortland,8,,
694,2020-03-31,15:28,Delaware,16,,
695,2020-03-31,15:28,Dutchess,484,,
696,2020-03-31,15:28,Erie,438,,
697,2020-03-31,15:28,Essex,4,,
698,2020-03-31,15:28,Franklin,9,,
699,2020-03-31,15:28,Fulton,1,,
700,2020-03-31,15:28,Genesee,10,,
701,2020-03-31,15:28,Greene,16,,
702,2020-03-31,15:28,Hamilton,2,,
703,2020-03-31,15:28,Herkimer,12,,
704,2020-03-31,15:28,Jefferson,12,,
705,2020-03-31,15:28,Lewis,2,,
706,2020-03-31,15:28,Livingston,13,,
707,2020-03-31,15:28,Madison,41,,
708,2020-03-31,15:28,Monroe,292,,
709,2020-03-31,15:28,Montgomery,7,,
710,2020-03-31,15:28,Nassau,"8,544",,
711,2020-03-31,15:28,Niagara,42,,
712,2020-03-31,15:28,New York City,"43,139",,
713,2020-03-31,15:28,Oneida,40,,
714,2020-03-31,15:28,Onondaga,194,,
715,2020-03-31,15:28,Ontario,22,,
716,2020-03-31,15:28,Orange,"1,556",,
717,2020-03-31,15:28,Orleans,6,,
718,2020-03-31,15:28,Oswego,15,,
719,2020-03-31,15:28,Otsego,18,,
720,2020-03-31,15:28,Putnam,186,,
721,2020-03-31,15:28,Rensselaer,41,,
722,2020-03-31,15:28,Rockland,"2,863",,
723,2020-03-31,15:28,Saratoga,108,,
724,2020-03-31,15:28,Schenectady,85,,
725,2020-03-31,15:28,Schoharie,6,,
726,2020-03-31,15:28,Schuyler,2,,
727,2020-03-31,15:28,Seneca,2,,
728,2020-03-31,15:28,St. Lawrence,30,,
729,2020-03-31,15:28,Steuben,24,,
730,2020-03-31,15:28,Suffolk,"6,713",,
731,2020-03-31,15:28,Sullivan,109,,
732,2020-03-31,15:28,Tioga,7,,
733,2020-03-31,15:28,Tompkins,66,,
734,2020-03-31,15:28,Ulster,211,,
735,2020-03-31,15:28,Warren,18,,
736,2020-03-31,15:28,Washington,10,,
737,2020-03-31,15:28,Wayne,19,,
738,2020-03-31,15:28,Westchester,"9,967",,
739,2020-03-31,15:28,Wyoming,9,,
740,2020-03-31,15:28,Total Number of Positive Cases,"75,795",,
741,2020-04-01,15:10,Albany,240,,
742,2020-04-01,15:10,Allegany,9,,
743,2020-04-01,15:10,Broome,42,,
744,2020-04-01,15:10,Cattaraugus,7,,
745,2020-04-01,15:10,Cayuga,3,,
746,2020-04-01,15:10,Chautauqua,6,,
747,2020-04-01,15:10,Chemung,22,,
748,2020-04-01,15:10,Chenango,26,,
749,2020-04-01,15:10,Clinton,25,,
750,2020-04-01,15:10,Columbia,31,,
751,2020-04-01,15:10,Cortland,8,,
752,2020-04-01,15:10,Delaware,20,,
753,2020-04-01,15:10,Dutchess,547,,
754,2020-04-01,15:10,Erie,464,,
755,2020-04-01,15:10,Essex,6,,
756,2020-04-01,15:10,Franklin,9,,
757,2020-04-01,15:10,Fulton,2,,
758,2020-04-01,15:10,Genesee,13,,
759,2020-04-01,15:10,Greene,18,,
760,2020-04-01,15:10,Hamilton,2,,
761,2020-04-01,15:10,Herkimer,12,,
762,2020-04-01,15:10,Jefferson,12,,
763,2020-04-01,15:10,Lewis,2,,
764,2020-04-01,15:10,Livingston,14,,
765,2020-04-01,15:10,Madison,51,,
766,2020-04-01,15:10,Monroe,349,,
767,2020-04-01,15:10,Montgomery,7,,
768,2020-04-01,15:10,Nassau,"9,554",,
769,2020-04-01,15:10,Niagara,46,,
770,2020-04-01,15:10,New York City,"47,439",,
771,2020-04-01,15:10,Oneida,50,,
772,2020-04-01,15:10,Onondaga,217,,
773,2020-04-01,15:10,Ontario,24,,
774,2020-04-01,15:10,Orange,"1,756",,
775,2020-04-01,15:10,Orleans,6,,
776,2020-04-01,15:10,Oswego,17,,
777,2020-04-01,15:10,Otsego,19,,
778,2020-04-01,15:10,Putnam,207,,
779,2020-04-01,15:10,Rensselaer,43,,
780,2020-04-01,15:10,Rockland,"3,321",,
781,2020-04-01,15:10,Saratoga,122,,
782,2020-04-01,15:10,Schenectady,93,,
783,2020-04-01,15:10,Schoharie,8,,
784,2020-04-01,15:10,Schuyler,2,,
785,2020-04-01,15:10,Seneca,2,,
786,2020-04-01,15:10,St. Lawrence,34,,
787,2020-04-01,15:10,Steuben,38,,
788,2020-04-01,15:10,Suffolk,"7,605",,
789,2020-04-01,15:10,Sullivan,121,,
790,2020-04-01,15:10,Tioga,7,,
791,2020-04-01,15:10,Tompkins,68,,
792,2020-04-01,15:10,Ulster,221,,
793,2020-04-01,15:10,Warren,18,,
794,2020-04-01,15:10,Washington,10,,
795,2020-04-01,15:10,Wayne,24,,
796,2020-04-01,15:10,Westchester,"10,683",,
797,2020-04-01,15:10,Wyoming,10,,
798,2020-04-01,15:10,Total Number of Positive Cases,"83,712",,
799,2020-04-02,16:01,Albany,253,,
800,2020-04-02,16:01,Allegany,12,,
801,2020-04-02,16:01,Broome,46,,
802,2020-04-02,16:01,Cattaraugus,8,,
803,2020-04-02,16:01,Cayuga,4,,
804,2020-04-02,16:01,Chautauqua,8,,
805,2020-04-02,16:01,Chemung,22,,
806,2020-04-02,16:01,Chenango,28,,
807,2020-04-02,16:01,Clinton,25,,
808,2020-04-02,16:01,Columbia,36,,
809,2020-04-02,16:01,Cortland,8,,
810,2020-04-02,16:01,Delaware,22,,
811,2020-04-02,16:01,Dutchess,667,,
812,2020-04-02,16:01,Erie,617,,
813,2020-04-02,16:01,Essex,6,,
814,2020-04-02,16:01,Franklin,9,,
815,2020-04-02,16:01,Fulton,6,,
816,2020-04-02,16:01,Genesee,14,,
817,2020-04-02,16:01,Greene,21,,
818,2020-04-02,16:01,Hamilton,2,,
819,2020-04-02,16:01,Herkimer,14,,
820,2020-04-02,16:01,Jefferson,15,,
821,2020-04-02,16:01,Lewis,2,,
822,2020-04-02,16:01,Livingston,14,,
823,2020-04-02,16:01,Madison,60,,
824,2020-04-02,16:01,Monroe,420,,
825,2020-04-02,16:01,Montgomery,8,,
826,2020-04-02,16:01,Nassau,"10,587",,
827,2020-04-02,16:01,Niagara,76,,
828,2020-04-02,16:01,New York City,"51,809",,
829,2020-04-02,16:01,Oneida,61,,
830,2020-04-02,16:01,Onondaga,234,,
831,2020-04-02,16:01,Ontario,26,,
832,2020-04-02,16:01,Orange,"1,993",,
833,2020-04-02,16:01,Orleans,6,,
834,2020-04-02,16:01,Oswego,22,,
835,2020-04-02,16:01,Otsego,21,,
836,2020-04-02,16:01,Putnam,216,,
837,2020-04-02,16:01,Rensselaer,53,,
838,2020-04-02,16:01,Rockland,"3,751",,
839,2020-04-02,16:01,Saratoga,132,,
840,2020-04-02,16:01,Schenectady,101,,
841,2020-04-02,16:01,Schoharie,8,,
842,2020-04-02,16:01,Schuyler,3,,
843,2020-04-02,16:01,Seneca,4,,
844,2020-04-02,16:01,St. Lawrence,39,,
845,2020-04-02,16:01,Steuben,43,,
846,2020-04-02,16:01,Suffolk,"8,746",,
847,2020-04-02,16:01,Sullivan,143,,
848,2020-04-02,16:01,Tioga,7,,
849,2020-04-02,16:01,Tompkins,74,,
850,2020-04-02,16:01,Ulster,240,,
851,2020-04-02,16:01,Warren,18,,
852,2020-04-02,16:01,Washington,12,,
853,2020-04-02,16:01,Wayne,27,,
854,2020-04-02,16:01,Westchester,"11,567",,
855,2020-04-02,16:01,Wyoming,14,,
856,2020-04-02,16:01,Yates,1,,
857,2020-04-02,16:01,Total Number of Positive Cases,"92,381",,
